keyword,estimated_monthly_volume_us,seo_difficulty,tracker_status,current_position,rank_url,language,location_id,updated_at_unix
3d acrylic signs,260,12,ok,,,en,2840,1783422694
3d metal signs,110,12,ok,,,en,2840,1784176705
acrylic backlit signage,480,26,ok,,,en,2840,1767053097
acrylic custom signs,3600,30,ok,,,en,2840,1761569565
acrylic light box sign,50,21,ok,,,en,2840,1786716423
acrylic lobby signs,40,30,ok,,,en,2840,1763286078
acrylic logo signs,480,35,ok,,,en,2840,1779770343
acrylic signs,8100,33,ok,,,en,2840,1779174295
acrylic signs for office,390,28,ok,,,en,2840,1779853768
acrylic signs for wall,480,34,ok,,,en,2840,1776885770
acrylic signs for weddings,170,35,ok,,,en,2840,1771267979
acrylic signs wedding,1900,20,ok,,,en,2840,1773633791
acrylic signs with lights,480,36,ok,,,en,2840,1771267979
aesthetic neon signs,390,29,ok,,,en,2840,1783240107
backlit acrylic signs,480,23,ok,,,en,2840,1762972163
backlit channel letter signs,70,11,ok,,,en,2840,1784691809
backlit letters,260,13,ok,,,en,2840,1783409213
backlit letters signage,260,13,ok,,,en,2840,1783410858
backlit lobby signs,40,29,ok,,,en,2840,1787193320
backlit signage,1900,28,ok,,,en,2840,1786151636
backlit storefront signs,90,43,ok,,,en,2840,1771267979
bar sign personalized,1600,22,ok,,,en,2840,1786038093
barbershop led sign,90,17,unstable,,,en,2840,1784400211
barbershop signage,1900,29,ok,,,en,2840,1786152741
beauty salon signs,880,25,ok,,,en,2840,1786186774
bedroom neon signs,1600,44,ok,,,en,2840,1771267979
beer neon signs,4400,45,ok,,,en,2840,1771267979
birthday neon sign,50,28,ok,,,en,2840,1786677025
building letters,260,34,ok,,,en,2840,1783400946
building letters signs,140,44,ok,,,en,2840,1771267979
building signage letters,140,35,ok,,,en,2840,1783909482
business light box sign,140,35,ok,,,en,2840,1772993924
business logo signs,590,31,ok,,,en,2840,1785816221
cafe signs,1300,44,unstable,,,en,2840,1771267979
channel letter signs,3600,26,ok,,,en,2840,1779214681
channel letter signs cost,170,28,ok,,,en,2840,1783733663
channel letter signs for business,50,29,ok,,,en,2840,1786868100
channel letter signs price,210,32,ok,,,en,2840,1771267979
clear acrylic signs,390,44,ok,,,en,2840,1771267979
coffee shop signs,880,42,unstable,,,en,2840,1773689824
commercial light box sign,40,43,ok,,,en,2840,1774705550
commercial retail signs,110,26,ok,,,en,2840,1784169067
company acrylic signs,1300,44,ok,,,en,2840,1771267979
corporate signs,390,15,ok,,,en,2840,1783138431
custom 3d metal signs,50,12,ok,,,en,2840,1785679794
custom acrylic logo signs,70,29,ok,,,en,2840,1784653970
custom acrylic signage,2900,40,ok,,,en,2840,1773570451
custom acrylic signs,2900,36,ok,,,en,2840,1779223255
custom acrylic signs for business,110,35,ok,,,en,2840,1784127197
custom backlit sign,590,35,ok,,,en,2840,1785805427
custom backlit signage,590,44,ok,,,en,2840,1771267979
custom bar signs,1600,22,ok,,,en,2840,1786033917
custom bar signs neon,880,35,ok,,,en,2840,1762925942
custom business logo signs,70,30,ok,,,en,2840,1784653103
custom business signs,4400,84,ok,,,en,2840,1776636625
custom business signs outdoor,1300,39,ok,,,en,2840,1786076365
custom channel letter signs,170,27,ok,,,en,2840,1783722920
custom design neon sign,33100,61,ok,,,en,2840,1785696974
custom design neon signs,33100,65,ok,,,en,2840,1773472849
custom fluorescent sign,33100,63,ok,,,en,2840,1773466486
custom gym signs,170,14,unstable,,,en,2840,1783717714
custom illuminated signs,140,34,ok,,,en,2840,1783895820
custom led neon,5400,61,ok,,,en,2840,1785800564
custom led neon signs,5400,58,ok,,,en,2840,1781908637
custom led signs,9900,53,ok,,,en,2840,1785754765
custom light box sign,140,36,ok,,,en,2840,1771267979
custom light up signs,1900,61,ok,,,en,2840,1785964842
custom lightbox signs,140,21,ok,,,en,2840,1772991103
custom lighted signs,1300,43,ok,,,en,2840,1786077880
custom lobby signs,50,13,ok,,,en,2840,1785910810
custom made neon lights,2400,36,ok,,,en,2840,1771267979
custom made neon signs,33100,61,ok,,,en,2840,1785698021
custom metal letter signs,50,31,ok,,,en,2840,1776132259
custom name neon sign,1300,66,unstable,,,en,2840,1773720751
custom neon,1300,59,ok,,,en,2840,1779322124
custom neon bar signs,720,37,ok,,,en,2840,1785721912
custom neon led lights,5400,55,ok,,,en,2840,1779198626
custom neon letters,40500,56,ok,,,en,2840,1771267979
custom neon light design,2400,36,ok,,,en,2840,1771267979
custom neon light signs,1300,60,ok,,,en,2840,1786078505
custom neon lights,2400,44,ok,,,en,2840,1771267979
custom neon logo sign,590,36,ok,,,en,2840,1771267979
custom neon logo signs,1300,58,ok,,,en,2840,1762459623
custom neon name sign,1300,67,unstable,,,en,2840,1773709908
custom neon sign,33100,60,ok,,,en,2840,1785698375
custom neon sign cost,110,24,ok,,,en,2840,1784132596
custom neon signs,33100,63,ok,,,en,2840,1785693573
custom neon signs for bar,720,33,ok,,,en,2840,1783005210
custom neon signs for business,140,56,ok,,,en,2840,1783892887
custom neon signs for restaurants,70,18,ok,,,en,2840,1760697045
custom neon signs for wedding,210,31,ok,,,en,2840,1783523619
custom neon signs logo,720,59,ok,,,en,2840,1761698071
custom neon signs online,210,60,ok,,,en,2840,1783519299
custom neon signs outdoor,260,36,ok,,,en,2840,1771267979
custom neon wall signs,90,59,ok,,,en,2840,1778050589
custom neon wedding sign,260,32,ok,,,en,2840,1783396289
custom neon wedding signs,260,33,ok,,,en,2840,1783394374
custom outdoor business signs,1300,29,ok,,,en,2840,1773713871
custom perspex signs,2900,33,ok,,,en,2840,1785906643
custom signage,33100,58,ok,,,en,2840,1786424537
custom signage for business,5400,81,ok,,,en,2840,1772548539
custom signs,27100,54,ok,,,en,2840,1786424542
custom signs for bars,1600,25,ok,,,en,2840,1773664290
custom signs for businesses,8100,38,ok,,,en,2840,1771267979
custom signs for wedding,1600,36,ok,,,en,2840,1771267979
custom signs outdoor,2400,34,ok,,,en,2840,1773601599
custom signs that light up,2400,62,ok,,,en,2840,1773597229
custom storefront signs,170,42,ok,,,en,2840,1783718746
custom wedding neon signs,90,32,ok,,,en,2840,1784364745
customizable acrylic signs,3600,45,ok,,,en,2840,1771267979
customizable light up sign,1900,60,ok,,,en,2840,1785963564
customizable neon sign,33100,63,ok,,,en,2840,1785693507
customized parking signs,2900,44,ok,,,en,2840,1771267979
customneonsign,33100,71,ok,,,en,2840,1771267979
dimensional letter signs,320,25,ok,,,en,2840,1774032640
dorm room neon signs,90,23,ok,,,en,2840,1784354279
edge lit signs,210,23,ok,,,en,2840,1783513537
event neon signs,70,45,ok,,,en,2840,1778264501
exterior building letters,170,34,ok,,,en,2840,1783704238
exterior letters for buildings,170,34,ok,,,en,2840,1783703416
front lit channel letter signs,170,12,ok,,,en,2840,1783697612
front lit signage,140,11,ok,,,en,2840,1783874400
game room signage,480,22,unstable,,,en,2840,1783077289
gamer neon signs,170,19,ok,,,en,2840,1783668043
gaming neon signs,590,17,ok,,,en,2840,1785791248
glow party sign,90,23,ok,,,en,2840,1784332047
gym signs,1000,17,unstable,,,en,2840,1782972798
hair salon signs,880,25,ok,,,en,2840,1779433693
hair salon signs outdoor,170,26,unstable,,,en,2840,1775360084
halo lit letters,210,31,ok,,,en,2840,1783503140
happy birthday led sign,720,23,unstable,,,en,2840,1785708201
happy birthday neon sign,1000,23,ok,,,en,2840,1786109640
how much are custom neon signs,110,34,ok,,,en,2840,1771267979
how much do custom neon signs cost,90,22,ok,,,en,2840,1784318177
how much do outdoor business signs cost,140,21,ok,,,en,2840,1770044717
ideas for restaurant signs,320,36,ok,,,en,2840,1771267979
illuminated acrylic signs,390,20,ok,,,en,2840,1775086002
illuminated business signs,90,22,ok,,,en,2840,1784316031
illuminated channel letter signs,90,22,ok,,,en,2840,1784315633
illuminated lightbox signs,50,16,ok,,,en,2840,1785319264
illuminated restaurant signs,50,20,ok,,,en,2840,1785319551
illuminated signage,1300,36,ok,,,en,2840,1786072671
illuminated signs,1300,25,ok,,,en,2840,1786073410
illuminated signs for business,1000,30,ok,,,en,2840,1776728001
large custom neon sign,90,30,ok,,,en,2840,1784303016
led acrylic signs,720,34,ok,,,en,2840,1769790209
led backlit letters,70,22,unstable,,,en,2840,1775731156
led backlit signage,480,34,ok,,,en,2840,1785937808
led business sign,2900,41,ok,,,en,2840,1773557375
led channel letter signs,320,14,ok,,,en,2840,1783265788
led gaming sign,110,19,ok,,,en,2840,1784062600
led light box sign,170,19,ok,,,en,2840,1783642993
led light sign,1600,34,unstable,,,en,2840,1786026984
led neon,1300,27,ok,,,en,2840,1786069541
led neon signage,12100,44,ok,,,en,2840,1785741841
led neon signs,12100,56,ok,,,en,2840,1785738414
led neon signs for business,110,41,ok,,,en,2840,1784066305
led neon wall art,90,28,ok,,,en,2840,1784302594
led open sign,2400,26,unstable,,,en,2840,1779232479
led outdoor business signs,720,36,ok,,,en,2840,1771267979
led personalized signs,9900,61,ok,,,en,2840,1785751293
led restaurant signs,140,17,ok,,,en,2840,1783841462
led sign,12100,38,unstable,,,en,2840,1785741181
led signs,12100,52,unstable,,,en,2840,1785738333
led signs for bedroom,880,30,ok,,,en,2840,1786158388
led signs for business,2400,29,ok,,,en,2840,1785939160
led signs for restaurants,140,26,ok,,,en,2840,1783840951
led signs for room,880,35,ok,,,en,2840,1786156985
led wedding signs,480,30,ok,,,en,2840,1785934974
light box sign,1300,26,ok,,,en,2840,1779313625
light box sign for business,40,19,ok,,,en,2840,1786987936
light box signage,1300,26,ok,,,en,2840,1786067280
light up acrylic signs,320,23,ok,,,en,2840,1770884413
light up bar signs,480,31,ok,,,en,2840,1783033860
light up sign personalized,1900,61,unstable,,,en,2840,1782843525
light up signs,2400,36,unstable,,,en,2840,1785938730
lightbox signs,720,49,ok,,,en,2840,1771267979
lighted custom signs,1300,28,ok,,,en,2840,1782860090
lighted outdoor business signs,720,29,ok,,,en,2840,1776763403
lighting signs,2400,53,ok,,,en,2840,1773582824
lobby signs,590,17,ok,,,en,2840,1785778508
lobby signs for business,170,14,ok,,,en,2840,1783636317
man cave led sign,140,23,ok,,,en,2840,1783831056
man cave neon signs,480,23,ok,,,en,2840,1783091058
man cave signs that light up,70,15,ok,,,en,2840,1784532848
metal building letters,30,13,ok,,,en,2840,1781547730
metal letter signs,1000,38,unstable,,,en,2840,1766988538
metal letter signs for business,20,36,ok,,,en,2840,1771267979
nail salon signs,390,24,ok,,,en,2840,1769175886
neon and led signs,12100,51,ok,,,en,2840,1785914505
neon bar signage,3600,35,ok,,,en,2840,1785837743
neon cafe signs,170,23,ok,,,en,2840,1783625071
neon colors,49500,34,ok,,,en,2840,1785684774
neon for restaurant,170,23,ok,,,en,2840,1783624008
neon game room,140,17,ok,,,en,2840,1783817944
neon gamer signs,110,18,ok,,,en,2840,1784044182
neon gym sign,480,17,unstable,,,en,2840,1785919168
neon gym signs,590,19,unstable,,,en,2840,1753848987
neon hair salon signs,390,17,ok,,,en,2840,1762977535
neon led custom,4400,64,ok,,,en,2840,1756245739
neon led lights,1300,22,ok,,,en,2840,1786057390
neon led sign custom,4400,62,ok,,,en,2840,1773525291
neon light home decor,90,29,ok,,,en,2840,1784284459
neon light signage,3600,30,ok,,,en,2840,1785835969
neon light up signs,3600,33,unstable,,,en,2840,1785835718
neon light wall art,70,24,ok,,,en,2840,1784517990
neon lighting signage,3600,43,ok,,,en,2840,1785837185
neon lights,18100,32,ok,,,en,2840,1785713601
neon lights for bedroom,2400,36,ok,,,en,2840,1771267979
neon lights for room,2400,36,ok,,,en,2840,1771267979
neon man cave lights,110,18,ok,,,en,2840,1784044955
neon name sign,2900,72,unstable,,,en,2840,1773563023
neon name signs,2400,60,unstable,,,en,2840,1785934849
neon open sign,3600,48,ok,,,en,2840,1773538440
neon party sign,170,34,ok,,,en,2840,1783623074
neon restaurant signs,480,32,ok,,,en,2840,1759185495
neon salon signs,70,15,ok,,,en,2840,1784520098
neon shop signs,880,54,ok,,,en,2840,1783026296
neon sign bedroom,1600,31,ok,,,en,2840,1786017543
neon sign cost,170,20,ok,,,en,2840,1783624186
neon sign custom,4400,64,ok,,,en,2840,1785812442
neon sign for gym,70,16,ok,,,en,2840,1784516861
neon sign for home,260,27,ok,,,en,2840,1783330713
neon sign for room,1600,26,ok,,,en,2840,1786014532
neon sign ideas,210,32,ok,,,en,2840,1783476593
neon sign led lights,12100,44,unstable,,,en,2840,1785735547
neon sign store near me,1900,45,ok,,,en,2840,1773617605
neon signs,40500,34,ok,,,en,2840,1785911103
neon signs and lights,3600,30,ok,,,en,2840,1785837746
neon signs custom,33100,63,ok,,,en,2840,1785691237
neon signs for bars,4400,37,ok,,,en,2840,1771267979
neon signs for business,590,25,ok,,,en,2840,1783033410
neon signs for gaming room,210,18,ok,,,en,2840,1783475742
neon signs for kitchen,210,15,ok,,,en,2840,1783474747
neon signs lights,5400,45,ok,,,en,2840,1771267979
neon signs near me,1900,25,ok,,,en,2840,1782838442
neon wall art,720,35,ok,,,en,2840,1786206901
neon wall decor,260,27,ok,,,en,2840,1783331177
neon wall lights,720,35,ok,,,en,2840,1786206388
neon wall signs,720,29,ok,,,en,2840,1782973131
neon window signs,140,26,ok,,,en,2840,1783815782
office lobby signs,70,16,ok,,,en,2840,1784508960
office logo signs,140,24,ok,,,en,2840,1783816114
office logo signs for wall,90,21,unstable,,,en,2840,1784276139
office neon signs,260,16,ok,,,en,2840,1783367775
office wall signs,720,27,unstable,,,en,2840,1786203863
open led light sign,2400,39,ok,,,en,2840,1773587328
outdoor acrylic signs,260,36,ok,,,en,2840,1783321043
outdoor business signs,9900,36,ok,,,en,2840,1781858971
outdoor business signs for buildings,390,30,ok,,,en,2840,1783144902
outdoor business signs ideas,390,36,ok,,,en,2840,1771267979
outdoor business signs with lights,880,36,ok,,,en,2840,1771267979
outdoor illuminated signs,480,34,ok,,,en,2840,1762544213
outdoor light box signage,320,20,unstable,,,en,2840,1779887623
outdoor lightbox signs,320,24,unstable,,,en,2840,1779885176
outdoor metal letter signs,320,24,ok,,,en,2840,1763007441
outdoor neon signs for business,90,26,ok,,,en,2840,1784278481
outdoor restaurant signs,590,26,ok,,,en,2840,1762523859
outdoor retail signs,210,44,ok,,,en,2840,1771267979
outdoor salon signs,140,27,unstable,,,en,2840,1783807928
outdoor storefront signs,590,32,ok,,,en,2840,1759237973
party neon signs,170,21,ok,,,en,2840,1783616916
personalized bar signs,480,18,ok,,,en,2840,1783026272
personalized bar signs neon,720,37,ok,,,en,2840,1786205595
personalized led sign,12100,47,ok,,,en,2840,1771267979
personalized light signs,1300,60,ok,,,en,2840,1786056749
personalized neon,40500,61,ok,,,en,2840,1771267979
personalized neon bar signs,33100,45,ok,,,en,2840,1771267979
personalized neon sign,1600,62,ok,,,en,2840,1786011793
printed acrylic signs,480,32,ok,,,en,2840,1769837040
restaurant led signs,140,23,ok,,,en,2840,1783800500
restaurant signs,2900,34,ok,,,en,2840,1773560059
restaurant signs for outside,590,36,ok,,,en,2840,1771267979
retail shop signs,390,24,ok,,,en,2840,1779798198
retail signs,720,43,ok,,,en,2840,1786199686
retail storefront signs,140,19,ok,,,en,2840,1783800370
reverse channel letter signs,140,11,ok,,,en,2840,1783800335
reverse lit channel letter signs,90,10,ok,,,en,2840,1784250258
salon signs,1000,33,ok,,,en,2840,1762871489
salon signs ideas,210,30,ok,,,en,2840,1783456167
shop signs,1600,33,ok,,,en,2840,1782854392
shop signs near me,18100,65,ok,,,en,2840,1769496557
sign neon custom,33100,53,ok,,,en,2840,1771267979
signage lightbox,1300,25,ok,,,en,2840,1786050007
storefront letters,50,19,ok,,,en,2840,1786596619
storefront retail signs,210,39,ok,,,en,2840,1771267979
storefront signs,3600,29,ok,,,en,2840,1785832019
storefront signs for business,260,28,ok,,,en,2840,1783403832
types of channel letter signs,40,28,ok,,,en,2840,1786790383
video game neon signs,170,19,ok,,,en,2840,1783565355
vintage neon signs,2400,29,ok,,,en,2840,1785920150
wall decor neon sign,260,32,ok,,,en,2840,1783330465
wedding led sign,480,37,ok,,,en,2840,1785860101
wedding light sign,90,38,ok,,,en,2840,1784209676
wedding neon sign,2900,42,ok,,,en,2840,1773553884
wedding neon signs,3600,45,ok,,,en,2840,1771267979
wedding neon signs ideas,140,32,ok,,,en,2840,1783773257
what are channel letter signs,90,24,ok,,,en,2840,1784215660
what are neon colors,1600,29,ok,,,en,2840,1786152030
yoga signage,260,22,ok,,,en,2840,1783394739
