url,depth,source,state,reason
https://www.theglownique.com/,0,seed,done,
https://www.theglownique.com/business-signs,0,sitemap,done,
https://www.theglownique.com/business-signs/custom-logo-neon-signs,0,sitemap,done,
https://www.theglownique.com/business-signs/channel-letter-signs,0,sitemap,done,
https://www.theglownique.com/business-signs/backlit-signs,0,sitemap,done,
https://www.theglownique.com/business-signs/backlit-lobby-signs,0,sitemap,done,
https://www.theglownique.com/business-signs/lightbox-signs,0,sitemap,done,
https://www.theglownique.com/business-signs/acrylic-logo-signs,0,sitemap,done,
https://www.theglownique.com/business-signs/gym-fitness-signs,0,sitemap,done,
https://www.theglownique.com/business-signs/bar-signs,0,sitemap,done,
https://www.theglownique.com/business-signs/open-signs,0,sitemap,done,
https://www.theglownique.com/business-signs/restaurant-signs,0,sitemap,done,
https://www.theglownique.com/business-signs/office-signs,0,sitemap,done,
https://www.theglownique.com/business-signs/salon-spa-signs,0,sitemap,done,
https://www.theglownique.com/business-signs/retail-storefronts,0,sitemap,done,
https://www.theglownique.com/business-signs/trade-show-signs,0,sitemap,done,
https://www.theglownique.com/blog,0,sitemap,done,
https://www.theglownique.com/guides,0,sitemap,done,
https://www.theglownique.com/guides/custom-business-sign-cost,0,sitemap,done,
https://www.theglownique.com/guides/front-lit-vs-halo-lit-vs-dual-lit,0,sitemap,done,
https://www.theglownique.com/guides/backlit-sign-wall-surfaces-and-standoffs,0,sitemap,done,
https://www.theglownique.com/custom-signage,0,sitemap,done,
https://www.theglownique.com/custom-signage/wedding-signs,0,sitemap,done,
https://www.theglownique.com/custom-signage/kids-room-neon-signs,0,sitemap,done,
https://www.theglownique.com/custom-signage/gaming-neon-signs,0,sitemap,done,
https://www.theglownique.com/custom-signage/home-decor-signs,0,sitemap,pending,
https://www.theglownique.com/custom-signage/bar-neon-signs,0,sitemap,pending,
https://www.theglownique.com/custom-signage/event-signs,0,sitemap,pending,
https://www.theglownique.com/products/custom-neon-signs,0,sitemap,pending,
https://www.theglownique.com/products/3d-metal-neon-signs,0,sitemap,pending,
https://www.theglownique.com/products/ultra-thin-lightbox,0,sitemap,pending,
https://www.theglownique.com/products/uv-print-acrylic-signs,0,sitemap,pending,
https://www.theglownique.com/contact,0,sitemap,pending,
https://www.theglownique.com/shipping,0,sitemap,pending,
https://www.theglownique.com/privacy,0,sitemap,pending,
https://www.theglownique.com/returns,0,sitemap,pending,
https://www.theglownique.com/terms,0,sitemap,pending,
https://www.theglownique.com/accessibility,0,sitemap,pending,
https://www.theglownique.com/blog/christmas-neon-sign-ideas,0,sitemap,pending,
https://www.theglownique.com/blog/coffee-bar-neon-sign-ideas,0,sitemap,pending,
https://www.theglownique.com/blog/halloween-neon-sign-ideas,0,sitemap,pending,
https://www.theglownique.com/blog/how-to-choose-the-right-neon-color-for-your-sign,0,sitemap,pending,
https://www.theglownique.com/blog/custom-acrylic-signs-office-wall-guide,0,sitemap,pending,
https://www.theglownique.com/blog/storefront-signage-ideas-small-businesses,0,sitemap,pending,
https://www.theglownique.com/blog/custom-gaming-neon-signs-streaming-setup-guide,0,sitemap,pending,
https://www.theglownique.com/blog/custom-wedding-neon-signs-backdrop-guide,0,sitemap,pending,
https://www.theglownique.com/blog/custom-neon-signs-for-bedroom-and-home-decor,0,sitemap,pending,
https://www.theglownique.com/blog/turn-business-logo-into-custom-neon-sign,0,sitemap,pending,
https://www.theglownique.com/blog/custom-neon-signs-for-bars-and-cafes,0,sitemap,pending,
