keyword_id,keyword,category_cluster,target_url,page_status,role,monthly_search_volume_us,seo_difficulty,cpc_usd,search_intent,funnel_stage,decision_status,source_origin,rationale_and_notes
KW-0001,neon colors,Technical Guides & Buying Decisions,/guides/front-lit-vs-halo-lit-vs-dual-lit,Live Page,primary,49500,34,,commercial_investigation,MOFU (Consideration),KEEP,Ubersuggest 300 Register,Mapped to an existing page with matching product or commercial intent
KW-0002,neon signs,General & Market Benchmarks,/,Strategic Benchmark,benchmark,40500,34,,commercial_investigation,MOFU (Consideration),KEEP,Ubersuggest 300 Register,"Head-term benchmark; tracked for market visibility, not used as a standalone page brief"
KW-0003,custom neon letters,Custom LED Neon Signs,/products/custom-neon-signs,Strategic Benchmark,benchmark,40500,56,,transactional_commercial,BOFU (Decision),KEEP,Ubersuggest 300 Register,"Head-term benchmark; tracked for market visibility, not used as a standalone page brief"
KW-0004,personalized neon,Custom LED Neon Signs,/products/custom-neon-signs,Strategic Benchmark,benchmark,40500,61,,commercial_investigation,MOFU (Consideration),KEEP,Ubersuggest 300 Register,"Head-term benchmark; tracked for market visibility, not used as a standalone page brief"
KW-0005,personalized neon bar signs,Industry - Hospitality & Bars,/custom-signage/bar-neon-signs,Live Page,secondary,33100,45,,commercial_investigation,MOFU (Consideration),KEEP,Ubersuggest 300 Register,Mapped to an approved 90-day landing-page cluster before content production
KW-0006,sign neon custom,General & Market Benchmarks,,Archived / Removed,Evaluated & Archived,33100,53,,transactional_commercial,BOFU (Decision),REMOVE,Ubersuggest 300 Register,Remove — normalized semantic reorder or singular/plural duplicate of a retained keyword
KW-0007,custom signage,B2B Commercial & Business Signs,/custom-signage,Strategic Benchmark,benchmark,33100,58,,transactional_commercial,BOFU (Decision),KEEP,Ubersuggest 300 Register,"Head-term benchmark; tracked for market visibility, not used as a standalone page brief"
KW-0008,custom neon sign,Custom LED Neon Signs,,Archived / Removed,Evaluated & Archived,33100,60,,transactional_commercial,BOFU (Decision),REMOVE,Ubersuggest 300 Register,Remove — normalized semantic reorder or singular/plural duplicate of a retained keyword
KW-0009,custom design neon sign,General & Market Benchmarks,,Archived / Removed,Evaluated & Archived,33100,61,,transactional_commercial,BOFU (Decision),REMOVE,Ubersuggest 300 Register,Remove — lower-priority variant with no unique current or approved 90-day page target
KW-0010,custom made neon signs,General & Market Benchmarks,/products/custom-neon-signs,Live Page,secondary,33100,61,,transactional_commercial,BOFU (Decision),KEEP,Ubersuggest 300 Register,Mapped to an existing page with matching product or commercial intent
KW-0011,custom fluorescent sign,General & Market Benchmarks,,Archived / Removed,Evaluated & Archived,33100,63,,transactional_commercial,BOFU (Decision),REMOVE,Ubersuggest 300 Register,Remove — outside the supported product and brand scope
KW-0012,custom neon signs,Custom LED Neon Signs,/products/custom-neon-signs,Strategic Benchmark,benchmark,33100,63,,commercial_investigation,consideration,KEEP,Ubersuggest 300 Register,"Head-term benchmark; tracked for market visibility, not used as a standalone page brief"
KW-0013,customizable neon sign,General & Market Benchmarks,/products/custom-neon-signs,Live Page,primary,33100,63,,transactional_commercial,BOFU (Decision),KEEP,Ubersuggest 300 Register,Mapped to an existing page with matching product or commercial intent
KW-0014,neon signs custom,General & Market Benchmarks,,Archived / Removed,Evaluated & Archived,33100,63,,transactional_commercial,BOFU (Decision),REMOVE,Ubersuggest 300 Register,Remove — normalized semantic reorder or singular/plural duplicate of a retained keyword
KW-0015,custom design neon signs,General & Market Benchmarks,,Archived / Removed,Evaluated & Archived,33100,65,,transactional_commercial,BOFU (Decision),REMOVE,Ubersuggest 300 Register,Remove — lower-priority variant with no unique current or approved 90-day page target
KW-0016,customneonsign,General & Market Benchmarks,,Archived / Removed,Evaluated & Archived,33100,71,,transactional_commercial,BOFU (Decision),REMOVE,Ubersuggest 300 Register,Remove — lower-priority variant with no unique current or approved 90-day page target
KW-0017,custom signs,General & Market Benchmarks,,Archived / Removed,Evaluated & Archived,27100,54,,transactional_commercial,BOFU (Decision),REMOVE,Ubersuggest 300 Register,Remove — normalized semantic reorder or singular/plural duplicate of a retained keyword
KW-0018,neon lights,Custom LED Neon Signs,/custom-signage,Live Page,secondary,18100,32,,commercial_investigation,MOFU (Consideration),KEEP,Ubersuggest 300 Register,Mapped to an existing page with matching product or commercial intent
KW-0019,shop signs near me,General & Market Benchmarks,,Archived / Removed,Evaluated & Archived,18100,65,,transactional_commercial,BOFU (Decision),REMOVE,Ubersuggest 300 Register,Remove — local-intent query is unsupported by the current national ecommerce model
KW-0020,wedding signs,custom_signage,/custom-signage/wedding-signs,Live Page,primary,14800,39,1.88,transactional_commercial,decision,KEEP,05 Intent Map,"Largest single volume on the map (peaks 18.1k) at only SD 39. Supporting term wedding neon sign adds 2900 vol at SD 42: one page serves both, do not split. CPC $1.88 reflects consumer not commercial value."
KW-0021,led sign,General & Market Benchmarks,,Archived / Removed,Evaluated & Archived,12100,38,,commercial_investigation,MOFU (Consideration),REMOVE,Ubersuggest 300 Register,Remove — normalized semantic reorder or singular/plural duplicate of a retained keyword
KW-0022,led neon signage,B2B Commercial & Business Signs,,Archived / Removed,Evaluated & Archived,12100,44,,commercial_investigation,MOFU (Consideration),REMOVE,Ubersuggest 300 Register,Remove — normalized semantic reorder or singular/plural duplicate of a retained keyword
KW-0023,neon sign led lights,General & Market Benchmarks,,Archived / Removed,Evaluated & Archived,12100,44,,commercial_investigation,MOFU (Consideration),REMOVE,Ubersuggest 300 Register,Remove — lower-priority variant with no unique current or approved 90-day page target
KW-0024,personalized led sign,General & Market Benchmarks,/custom-signage,Live Page,secondary,12100,47,,commercial_investigation,MOFU (Consideration),KEEP,Ubersuggest 300 Register,Mapped to an existing page with matching product or commercial intent
KW-0025,neon and led signs,General & Market Benchmarks,,Archived / Removed,Evaluated & Archived,12100,51,,commercial_investigation,MOFU (Consideration),REMOVE,Ubersuggest 300 Register,Remove — lower-priority variant with no unique current or approved 90-day page target
KW-0026,led signs,General & Market Benchmarks,/products,Strategic Benchmark,benchmark,12100,52,,commercial_investigation,MOFU (Consideration),KEEP,Ubersuggest 300 Register,"Head-term benchmark; tracked for market visibility, not used as a standalone page brief"
KW-0027,led neon signs,General & Market Benchmarks,/custom-signage,Strategic Benchmark,benchmark,12100,56,,commercial_investigation,MOFU (Consideration),KEEP,Ubersuggest 300 Register,"Head-term benchmark; tracked for market visibility, not used as a standalone page brief"
KW-0028,outdoor business signs,B2B Commercial & Business Signs,/business-signs,Strategic Benchmark,benchmark,9900,36,,commercial_investigation,MOFU (Consideration),KEEP,Ubersuggest 300 Register,"Head-term benchmark; tracked for market visibility, not used as a standalone page brief"
KW-0029,custom led signs,General & Market Benchmarks,,Archived / Removed,Evaluated & Archived,9900,53,,transactional_commercial,BOFU (Decision),REMOVE,Ubersuggest 300 Register,Remove — lower-priority variant with no unique current or approved 90-day page target
KW-0030,led personalized signs,General & Market Benchmarks,,Archived / Removed,Evaluated & Archived,9900,61,,commercial_investigation,MOFU (Consideration),REMOVE,Ubersuggest 300 Register,Remove — normalized semantic reorder or singular/plural duplicate of a retained keyword
KW-0031,acrylic signs,Acrylic Signs & UV Print,/business-signs/acrylic-logo-signs,Strategic Benchmark,benchmark,8100,33,,commercial_investigation,MOFU (Consideration),KEEP,Ubersuggest 300 Register,"Head-term benchmark; tracked for market visibility, not used as a standalone page brief"
KW-0032,custom signs for businesses,General & Market Benchmarks,,Archived / Removed,Evaluated & Archived,8100,38,,transactional_commercial,BOFU (Decision),REMOVE,Ubersuggest 300 Register,Remove — normalized semantic reorder or singular/plural duplicate of a retained keyword
KW-0033,neon signs lights,General & Market Benchmarks,/custom-signage,Live Page,secondary,5400,45,,commercial_investigation,MOFU (Consideration),KEEP,Ubersuggest 300 Register,Mapped to an existing page with matching product or commercial intent
KW-0034,custom neon led lights,Custom LED Neon Signs,/products/custom-neon-signs,Live Page,secondary,5400,55,,transactional_commercial,BOFU (Decision),KEEP,Ubersuggest 300 Register,Mapped to an existing page with matching product or commercial intent
KW-0035,custom led neon signs,General & Market Benchmarks,/custom-signage,Strategic Benchmark,benchmark,5400,58,,transactional_commercial,decision,KEEP,Ubersuggest 300 Register,"Head-term benchmark; tracked for market visibility, not used as a standalone page brief"
KW-0036,custom led neon,General & Market Benchmarks,,Archived / Removed,Evaluated & Archived,5400,61,,transactional_commercial,BOFU (Decision),REMOVE,Ubersuggest 300 Register,Remove — lower-priority variant with no unique current or approved 90-day page target
KW-0037,custom signage for business,B2B Commercial & Business Signs,/business-signs,Live Page,primary,5400,81,,transactional_commercial,BOFU (Decision),KEEP,Ubersuggest 300 Register,Mapped to an existing page with matching product or commercial intent
KW-0038,neon signs for bars,Industry - Hospitality & Bars,,Archived / Removed,Evaluated & Archived,4400,37,,commercial_investigation,MOFU (Consideration),REMOVE,Ubersuggest 300 Register,Remove — lower-priority variant with no unique current or approved 90-day page target
KW-0039,beer neon signs,Industry - Hospitality & Bars,,Archived / Removed,Evaluated & Archived,4400,45,,commercial_investigation,MOFU (Consideration),REMOVE,Ubersuggest 300 Register,Remove — outside the supported product and brand scope
KW-0040,neon bar signs,industries,/business-signs/bar-signs,Live Page,primary,4400,45,1.05,commercial_investigation,consideration,KEEP,05 Intent Map,Split out of former restaurants-bars: distinct head term and distinct intent. CPC $1.05; competitor bar-signs page earns 4575 visits/mo.
KW-0041,neon led sign custom,General & Market Benchmarks,,Archived / Removed,Evaluated & Archived,4400,62,,transactional_commercial,BOFU (Decision),REMOVE,Ubersuggest 300 Register,Remove — normalized semantic reorder or singular/plural duplicate of a retained keyword
KW-0042,neon led custom,General & Market Benchmarks,,Archived / Removed,Evaluated & Archived,4400,64,,transactional_commercial,BOFU (Decision),REMOVE,Ubersuggest 300 Register,Remove — lower-priority variant with no unique current or approved 90-day page target
KW-0043,neon sign custom,General & Market Benchmarks,,Archived / Removed,Evaluated & Archived,4400,64,,transactional_commercial,BOFU (Decision),REMOVE,Ubersuggest 300 Register,Remove — normalized semantic reorder or singular/plural duplicate of a retained keyword
KW-0044,custom business signs,B2B Commercial & Business Signs,/business-signs,Strategic Benchmark,benchmark,4400,84,7.29,commercial_investigation,consideration,KEEP,Ubersuggest 300 Register,"Head-term benchmark; tracked for market visibility, not used as a standalone page brief"
KW-0045,channel letter signs,Storefront & Channel Letters,/business-signs/channel-letter-signs,Strategic Benchmark,benchmark,3600,26,,commercial_investigation,MOFU (Consideration),KEEP,Ubersuggest 300 Register,"Head-term benchmark; tracked for market visibility, not used as a standalone page brief"
KW-0046,storefront signs,Industry - Retail & Storefronts,/business-signs,Strategic Benchmark,benchmark,3600,29,,commercial_investigation,MOFU (Consideration),KEEP,Ubersuggest 300 Register,"Head-term benchmark; tracked for market visibility, not used as a standalone page brief"
KW-0047,acrylic custom signs,Acrylic Signs & UV Print,,Archived / Removed,Evaluated & Archived,3600,30,,transactional_commercial,BOFU (Decision),REMOVE,Ubersuggest 300 Register,Remove — normalized semantic reorder or singular/plural duplicate of a retained keyword
KW-0048,neon light signage,Custom LED Neon Signs,,Archived / Removed,Evaluated & Archived,3600,30,,commercial_investigation,MOFU (Consideration),REMOVE,Ubersuggest 300 Register,Remove — normalized semantic reorder or singular/plural duplicate of a retained keyword
KW-0049,neon signs and lights,General & Market Benchmarks,,Archived / Removed,Evaluated & Archived,3600,30,,commercial_investigation,MOFU (Consideration),REMOVE,Ubersuggest 300 Register,Remove — lower-priority variant with no unique current or approved 90-day page target
KW-0050,neon light up signs,Custom LED Neon Signs,/custom-signage,Live Page,secondary,3600,33,,commercial_investigation,MOFU (Consideration),KEEP,Ubersuggest 300 Register,Mapped to an existing page with matching product or commercial intent
KW-0051,neon bar signage,Industry - Hospitality & Bars,/custom-signage/bar-neon-signs,Live Page,secondary,3600,35,,commercial_investigation,MOFU (Consideration),KEEP,Ubersuggest 300 Register,Mapped to an approved 90-day landing-page cluster before content production
KW-0052,neon lighting signage,Custom LED Neon Signs,,Archived / Removed,Evaluated & Archived,3600,43,,commercial_investigation,MOFU (Consideration),REMOVE,Ubersuggest 300 Register,Remove — lower-priority variant with no unique current or approved 90-day page target
KW-0053,customizable acrylic signs,Acrylic Signs & UV Print,/business-signs/acrylic-logo-signs,Live Page,secondary,3600,45,,transactional_commercial,BOFU (Decision),KEEP,Ubersuggest 300 Register,Mapped to an existing page with matching product or commercial intent
KW-0054,wedding neon signs,Events & Occasions,/custom-signage/wedding-signs,Live Page,secondary,3600,45,,commercial_investigation,MOFU (Consideration),KEEP,Ubersuggest 300 Register,"Head-term benchmark; tracked for market visibility, not used as a standalone page brief"
KW-0055,neon open sign,Industry - Retail & Storefronts,/business-signs/open-signs,Live Page,primary,3600,48,4.49,transactional_commercial,decision,KEEP,Ubersuggest 300 Register,Remove — lower-priority variant with no unique current or approved 90-day page target
KW-0056,custom perspex signs,General & Market Benchmarks,/products/uv-print-acrylic-signs,Live Page,secondary,2900,33,,transactional_commercial,BOFU (Decision),KEEP,Ubersuggest 300 Register,Mapped to an existing page with matching product or commercial intent
KW-0057,restaurant signs,Industry - Restaurants & Food,/business-signs/restaurant-signs,Approved 90-Day Plan,primary,2900,34,6.34,commercial_investigation,consideration,KEEP,Ubersuggest 300 Register,Mapped to an approved 90-day landing-page cluster before content production
KW-0058,custom acrylic signs,Acrylic Signs & UV Print,/business-signs/acrylic-logo-signs,Strategic Benchmark,benchmark,2900,36,,transactional_commercial,BOFU (Decision),KEEP,Ubersuggest 300 Register,"Head-term benchmark; tracked for market visibility, not used as a standalone page brief"
KW-0059,custom acrylic signage,Acrylic Signs & UV Print,,Archived / Removed,Evaluated & Archived,2900,40,,transactional_commercial,BOFU (Decision),REMOVE,Ubersuggest 300 Register,Remove — normalized semantic reorder or singular/plural duplicate of a retained keyword
KW-0060,led business sign,B2B Commercial & Business Signs,,Archived / Removed,Evaluated & Archived,2900,41,,commercial_investigation,MOFU (Consideration),REMOVE,Ubersuggest 300 Register,Remove — lower-priority variant with no unique current or approved 90-day page target
KW-0061,wedding neon sign,Events & Occasions,,Archived / Removed,Evaluated & Archived,2900,42,,commercial_investigation,MOFU (Consideration),REMOVE,Ubersuggest 300 Register,Remove — normalized semantic reorder or singular/plural duplicate of a retained keyword
KW-0062,customized parking signs,General & Market Benchmarks,,Archived / Removed,Evaluated & Archived,2900,44,,transactional_commercial,BOFU (Decision),REMOVE,Ubersuggest 300 Register,Remove — outside the supported product and brand scope
KW-0063,office signs,industries,/business-signs/office-signs,Live Page,primary,2900,44,,commercial_investigation,consideration,KEEP,05 Intent Map,Renamed from offices-reception which matched no query. Highest CPC in the cluster at $9.82; company acrylic signs (1300 vol) is a supporting term. Link primarily to channel-letter and acrylic-logo pages.
KW-0064,neon name sign,General & Market Benchmarks,/custom-signage,Live Page,secondary,2900,72,,commercial_investigation,MOFU (Consideration),KEEP,Ubersuggest 300 Register,Mapped to an existing page with matching product or commercial intent
KW-0065,coffee bar sign,Editorial & Blog,/blog/halloween-neon-sign-ideas,Blog / Editorial,alternative_topic,2400,25,0.58,informational,awareness,KEEP,Halloween Blog Research,Broad alternative; overlap with existing bars and cafes article.
KW-0066,led open sign,Industry - Retail & Storefronts,,Archived / Removed,Evaluated & Archived,2400,26,,commercial_investigation,MOFU (Consideration),REMOVE,Ubersuggest 300 Register,Remove — lower-priority variant with no unique current or approved 90-day page target
KW-0067,led signs for business,General & Market Benchmarks,/business-signs,Live Page,secondary,2400,29,,commercial_investigation,MOFU (Consideration),KEEP,Ubersuggest 300 Register,Mapped to an existing page with matching product or commercial intent
KW-0068,vintage neon signs,General & Market Benchmarks,,Archived / Removed,Evaluated & Archived,2400,29,,commercial_investigation,MOFU (Consideration),REMOVE,Ubersuggest 300 Register,Remove — lower-priority variant with no unique current or approved 90-day page target
KW-0069,backlit signs,Backlit & Halo-Lit Signs,/business-signs/backlit-signs,Live Page,primary,2400,31,8.45,transactional_commercial,decision,KEEP,Backlit Cluster Implementation,Commercial hub for exterior & interior halo backlit metal letters and signage.
KW-0070,custom signs outdoor,General & Market Benchmarks,,Archived / Removed,Evaluated & Archived,2400,34,,transactional_commercial,BOFU (Decision),REMOVE,Ubersuggest 300 Register,Remove — lower-priority variant with no unique current or approved 90-day page target
KW-0071,custom made neon lights,Custom LED Neon Signs,/products/custom-neon-signs,Live Page,secondary,2400,36,,transactional_commercial,BOFU (Decision),KEEP,Ubersuggest 300 Register,Mapped to an existing page with matching product or commercial intent
KW-0072,custom neon light design,Custom LED Neon Signs,,Archived / Removed,Evaluated & Archived,2400,36,,transactional_commercial,BOFU (Decision),REMOVE,Ubersuggest 300 Register,Remove — lower-priority variant with no unique current or approved 90-day page target
KW-0073,light up signs,General & Market Benchmarks,/custom-signage,Strategic Benchmark,benchmark,2400,36,,commercial_investigation,MOFU (Consideration),KEEP,Ubersuggest 300 Register,"Head-term benchmark; tracked for market visibility, not used as a standalone page brief"
KW-0074,neon lights for bedroom,Home Decor & Living,/custom-signage/home-decor-signs,Live Page,secondary,2400,36,,commercial_investigation,MOFU (Consideration),KEEP,Ubersuggest 300 Register,Mapped to an existing page with matching product or commercial intent
KW-0075,neon lights for room,Home Decor & Living,/products,Live Page,primary,2400,36,,commercial_investigation,MOFU (Consideration),KEEP,Ubersuggest 300 Register,Mapped to an existing page with matching product or commercial intent
KW-0076,open led light sign,General & Market Benchmarks,,Archived / Removed,Evaluated & Archived,2400,39,,commercial_investigation,MOFU (Consideration),REMOVE,Ubersuggest 300 Register,Remove — lower-priority variant with no unique current or approved 90-day page target
KW-0077,custom neon lights,Custom LED Neon Signs,/products/custom-neon-signs,Strategic Benchmark,benchmark,2400,44,,transactional_commercial,BOFU (Decision),KEEP,Ubersuggest 300 Register,"Head-term benchmark; tracked for market visibility, not used as a standalone page brief"
KW-0078,lighting signs,General & Market Benchmarks,,Archived / Removed,Evaluated & Archived,2400,53,,commercial_investigation,MOFU (Consideration),REMOVE,Ubersuggest 300 Register,Remove — lower-priority variant with no unique current or approved 90-day page target
KW-0079,neon name signs,General & Market Benchmarks,,Archived / Removed,Evaluated & Archived,2400,60,,commercial_investigation,MOFU (Consideration),REMOVE,Ubersuggest 300 Register,Remove — normalized semantic reorder or singular/plural duplicate of a retained keyword
KW-0080,custom signs that light up,General & Market Benchmarks,,Archived / Removed,Evaluated & Archived,2400,62,,transactional_commercial,BOFU (Decision),REMOVE,Ubersuggest 300 Register,Remove — lower-priority variant with no unique current or approved 90-day page target
KW-0081,acrylic signs wedding,Acrylic Signs & UV Print,,Archived / Removed,Evaluated & Archived,1900,20,,commercial_investigation,MOFU (Consideration),REMOVE,Ubersuggest 300 Register,Remove — lower-priority variant with no unique current or approved 90-day page target
KW-0082,neon signs near me,General & Market Benchmarks,,Archived / Removed,Evaluated & Archived,1900,25,,transactional_commercial,BOFU (Decision),REMOVE,Ubersuggest 300 Register,Remove — local-intent query is unsupported by the current national ecommerce model
KW-0083,backlit signage,Backlit & Halo-Lit Signs,,Archived / Removed,Evaluated & Archived,1900,28,,commercial_investigation,MOFU (Consideration),REMOVE,Ubersuggest 300 Register,Remove — lower-priority variant with no unique current or approved 90-day page target
KW-0084,backlit signage vs light box signs,Editorial & Blog,/blog/backlit-signage-vs-light-box-signs,Blog / Editorial,primary,1900,28,6.8,informational_commercial,consideration,KEEP,Backlit Blog Post,Comprehensive pillar comparison article: halo backlit metal letters vs edge-lit lightboxes.
KW-0085,barbershop signage,Industry - Hospitality & Bars,/business-signs/salon-signs,Approved 90-Day Plan,secondary,1900,29,,commercial_investigation,MOFU (Consideration),KEEP,Ubersuggest 300 Register,Mapped to an approved 90-day landing-page cluster before content production
KW-0086,neon sign store near me,General & Market Benchmarks,,Archived / Removed,Evaluated & Archived,1900,45,,transactional_commercial,BOFU (Decision),REMOVE,Ubersuggest 300 Register,Remove — local-intent query is unsupported by the current national ecommerce model
KW-0087,customizable light up sign,General & Market Benchmarks,,Archived / Removed,Evaluated & Archived,1900,60,,transactional_commercial,BOFU (Decision),REMOVE,Ubersuggest 300 Register,Remove — lower-priority variant with no unique current or approved 90-day page target
KW-0088,custom light up signs,General & Market Benchmarks,/custom-signage,Live Page,primary,1900,61,,transactional_commercial,BOFU (Decision),KEEP,Ubersuggest 300 Register,Mapped to an existing page with matching product or commercial intent
KW-0089,light up sign personalized,General & Market Benchmarks,,Archived / Removed,Evaluated & Archived,1900,61,,commercial_investigation,MOFU (Consideration),REMOVE,Ubersuggest 300 Register,Remove — lower-priority variant with no unique current or approved 90-day page target
KW-0090,bar sign personalized,Industry - Hospitality & Bars,,Archived / Removed,Evaluated & Archived,1600,22,,commercial_investigation,MOFU (Consideration),REMOVE,Ubersuggest 300 Register,Remove — lower-priority variant with no unique current or approved 90-day page target
KW-0091,custom bar signs,Industry - Hospitality & Bars,/custom-signage/bar-neon-signs,Live Page,primary,1600,22,,transactional_commercial,BOFU (Decision),KEEP,Ubersuggest 300 Register,Mapped to an approved 90-day landing-page cluster before content production
KW-0092,custom signs for bars,Industry - Hospitality & Bars,,Archived / Removed,Evaluated & Archived,1600,25,,transactional_commercial,BOFU (Decision),REMOVE,Ubersuggest 300 Register,Remove — lower-priority variant with no unique current or approved 90-day page target
KW-0093,neon sign for room,Home Decor & Living,/products,Live Page,secondary,1600,26,,commercial_investigation,MOFU (Consideration),KEEP,Ubersuggest 300 Register,Mapped to an existing page with matching product or commercial intent
KW-0094,what are neon colors,General & Market Benchmarks,,Archived / Removed,Evaluated & Archived,1600,29,,commercial_investigation,MOFU (Consideration),REMOVE,Ubersuggest 300 Register,Remove — lower-priority variant with no unique current or approved 90-day page target
KW-0095,led neon vs glass neon,Editorial & Blog,/blog/led-neon-vs-glass-neon,Blog / Editorial,primary,1600,29,0.85,informational,awareness,KEEP,Sanity Blog Seed,"Energy consumption, durability, gas vs silicone LEDs, safety."
KW-0096,neon sign bedroom,Home Decor & Living,,Archived / Removed,Evaluated & Archived,1600,31,,commercial_investigation,MOFU (Consideration),REMOVE,Ubersuggest 300 Register,Remove — normalized semantic reorder or singular/plural duplicate of a retained keyword
KW-0097,shop signs,General & Market Benchmarks,/business-signs/retail-signs,Approved 90-Day Plan,primary,1600,33,,commercial_investigation,MOFU (Consideration),KEEP,Ubersuggest 300 Register,Mapped to an approved 90-day landing-page cluster before content production
KW-0098,led light sign,General & Market Benchmarks,,Archived / Removed,Evaluated & Archived,1600,34,,commercial_investigation,MOFU (Consideration),REMOVE,Ubersuggest 300 Register,Remove — lower-priority variant with no unique current or approved 90-day page target
KW-0099,custom signs for wedding,Events & Occasions,/custom-signage/wedding-signs,Live Page,secondary,1600,36,,transactional_commercial,BOFU (Decision),KEEP,Ubersuggest 300 Register,Mapped to an approved 90-day landing-page cluster before content production
KW-0100,bedroom neon signs,Home Decor & Living,/custom-signage/home-decor-signs,Live Page,secondary,1600,44,,commercial_investigation,MOFU (Consideration),KEEP,Ubersuggest 300 Register,Mapped to an existing page with matching product or commercial intent
KW-0101,personalized neon sign,Custom LED Neon Signs,/products/custom-neon-signs,Live Page,secondary,1600,62,,commercial_investigation,MOFU (Consideration),KEEP,Ubersuggest 300 Register,Mapped to an existing page with matching product or commercial intent
KW-0102,neon led lights,General & Market Benchmarks,,Archived / Removed,Evaluated & Archived,1300,22,,commercial_investigation,MOFU (Consideration),REMOVE,Ubersuggest 300 Register,Remove — lower-priority variant with no unique current or approved 90-day page target
KW-0103,how long do led neon signs last,Editorial & Blog,/blog/how-long-do-led-neon-signs-last,Blog / Editorial,primary,1300,22,0.55,informational,awareness,KEEP,Sanity Blog Seed,"Lifespan, driver replacement, 12V silicone vs glass."
KW-0104,illuminated signs,General & Market Benchmarks,/products,Live Page,secondary,1300,25,,commercial_investigation,MOFU (Consideration),KEEP,Ubersuggest 300 Register,Mapped to an existing page with matching product or commercial intent
KW-0105,signage lightbox,Lightbox & Edge-Lit Signs,,Archived / Removed,Evaluated & Archived,1300,25,,commercial_investigation,MOFU (Consideration),REMOVE,Ubersuggest 300 Register,Remove — normalized semantic reorder or singular/plural duplicate of a retained keyword
KW-0106,light box sign,Lightbox & Edge-Lit Signs,,Archived / Removed,Evaluated & Archived,1300,26,,commercial_investigation,MOFU (Consideration),REMOVE,Ubersuggest 300 Register,Remove — lower-priority variant with no unique current or approved 90-day page target
KW-0107,light box signage,Lightbox & Edge-Lit Signs,,Archived / Removed,Evaluated & Archived,1300,26,,commercial_investigation,MOFU (Consideration),REMOVE,Ubersuggest 300 Register,Remove — lower-priority variant with no unique current or approved 90-day page target
KW-0108,led neon,General & Market Benchmarks,,Archived / Removed,Evaluated & Archived,1300,27,,commercial_investigation,MOFU (Consideration),REMOVE,Ubersuggest 300 Register,Remove — lower-priority variant with no unique current or approved 90-day page target
KW-0109,lighted custom signs,General & Market Benchmarks,,Archived / Removed,Evaluated & Archived,1300,28,,transactional_commercial,BOFU (Decision),REMOVE,Ubersuggest 300 Register,Remove — normalized semantic reorder or singular/plural duplicate of a retained keyword
KW-0110,custom outdoor business signs,B2B Commercial & Business Signs,/business-signs,Live Page,secondary,1300,29,,transactional_commercial,BOFU (Decision),KEEP,Ubersuggest 300 Register,Mapped to an existing page with matching product or commercial intent
KW-0111,illuminated signage,B2B Commercial & Business Signs,,Archived / Removed,Evaluated & Archived,1300,36,,commercial_investigation,MOFU (Consideration),REMOVE,Ubersuggest 300 Register,Remove — normalized semantic reorder or singular/plural duplicate of a retained keyword
KW-0112,custom business signs outdoor,B2B Commercial & Business Signs,,Archived / Removed,Evaluated & Archived,1300,39,,transactional_commercial,BOFU (Decision),REMOVE,Ubersuggest 300 Register,Remove — normalized semantic reorder or singular/plural duplicate of a retained keyword
KW-0113,custom lighted signs,General & Market Benchmarks,/products,Live Page,secondary,1300,43,,transactional_commercial,BOFU (Decision),KEEP,Ubersuggest 300 Register,Mapped to an existing page with matching product or commercial intent
KW-0114,cafe signs,Industry - Restaurants & Food,/business-signs/restaurant-signs,Live Page,secondary,1300,44,,commercial_investigation,MOFU (Consideration),KEEP,Ubersuggest 300 Register,Mapped to an approved 90-day landing-page cluster before content production
KW-0115,company acrylic signs,Acrylic Signs & UV Print,,Archived / Removed,Evaluated & Archived,1300,44,,commercial_investigation,MOFU (Consideration),REMOVE,Ubersuggest 300 Register,Remove — lower-priority variant with no unique current or approved 90-day page target
KW-0116,custom neon logo signs,Custom LED Neon Signs,/business-signs/custom-logo-neon-signs,Strategic Benchmark,benchmark,1300,58,,transactional_commercial,BOFU (Decision),KEEP,Ubersuggest 300 Register,"Head-term benchmark; tracked for market visibility, not used as a standalone page brief"
KW-0117,custom neon,Custom LED Neon Signs,,Archived / Removed,Evaluated & Archived,1300,59,,transactional_commercial,BOFU (Decision),REMOVE,Ubersuggest 300 Register,Remove — lower-priority variant with no unique current or approved 90-day page target
KW-0118,custom neon light signs,Custom LED Neon Signs,,Archived / Removed,Evaluated & Archived,1300,60,,transactional_commercial,BOFU (Decision),REMOVE,Ubersuggest 300 Register,Remove — lower-priority variant with no unique current or approved 90-day page target
KW-0119,personalized light signs,General & Market Benchmarks,,Archived / Removed,Evaluated & Archived,1300,60,,commercial_investigation,MOFU (Consideration),REMOVE,Ubersuggest 300 Register,Remove — lower-priority variant with no unique current or approved 90-day page target
KW-0120,custom name neon sign,General & Market Benchmarks,,Archived / Removed,Evaluated & Archived,1300,66,,transactional_commercial,BOFU (Decision),REMOVE,Ubersuggest 300 Register,Remove — lower-priority variant with no unique current or approved 90-day page target
KW-0121,custom neon name sign,Custom LED Neon Signs,,Archived / Removed,Evaluated & Archived,1300,67,,transactional_commercial,BOFU (Decision),REMOVE,Ubersuggest 300 Register,Remove — lower-priority variant with no unique current or approved 90-day page target
KW-0122,gym signs,Industry - Gyms & Fitness,/business-signs/gym-signs,Approved 90-Day Plan,primary,1000,17,,commercial_investigation,MOFU (Consideration),KEEP,Ubersuggest 300 Register,Mapped to an approved 90-day landing-page cluster before content production
KW-0123,happy birthday neon sign,Events & Occasions,/custom-signage/event-signs,Live Page,primary,1000,23,,commercial_investigation,MOFU (Consideration),KEEP,Ubersuggest 300 Register,Mapped to an approved 90-day landing-page cluster before content production
KW-0124,illuminated signs for business,General & Market Benchmarks,/business-signs,Live Page,secondary,1000,30,,commercial_investigation,MOFU (Consideration),KEEP,Ubersuggest 300 Register,Mapped to an existing page with matching product or commercial intent
KW-0125,salon signs,Industry - Salons & Spas,/business-signs/salon-signs,Approved 90-Day Plan,primary,1000,33,,commercial_investigation,MOFU (Consideration),KEEP,Ubersuggest 300 Register,Mapped to an approved 90-day landing-page cluster before content production
KW-0126,metal letter signs,General & Market Benchmarks,/products/3d-metal-neon-signs,Live Page,secondary,1000,38,,commercial_investigation,MOFU (Consideration),KEEP,Ubersuggest 300 Register,Mapped to an existing page with matching product or commercial intent
KW-0127,how to hang a neon sign,Editorial & Blog,/blog/how-to-hang-a-neon-sign,Blog / Editorial,primary,880,20,0.6,informational,awareness,KEEP,Sanity Blog Seed,"Drywall anchors, standoffs, adhesive strips, ceiling hanging."
KW-0128,beauty salon signs,Industry - Salons & Spas,/business-signs/salon-signs,Approved 90-Day Plan,secondary,880,25,,commercial_investigation,MOFU (Consideration),KEEP,Ubersuggest 300 Register,Mapped to an approved 90-day landing-page cluster before content production
KW-0129,hair salon signs,Industry - Salons & Spas,/business-signs/salon-signs,Approved 90-Day Plan,secondary,880,25,,commercial_investigation,MOFU (Consideration),KEEP,Ubersuggest 300 Register,Mapped to an approved 90-day landing-page cluster before content production
KW-0130,neon sign ideas for weddings,Editorial & Blog,/blog/neon-sign-ideas-for-weddings,Blog / Editorial,primary,880,26,0.9,informational,awareness,KEEP,Sanity Blog Seed,"Last names, photo backdrops, botanical walls, dimming."
KW-0131,led signs for bedroom,Home Decor & Living,,Archived / Removed,Evaluated & Archived,880,30,,commercial_investigation,MOFU (Consideration),REMOVE,Ubersuggest 300 Register,Remove — lower-priority variant with no unique current or approved 90-day page target
KW-0132,halloween neon sign,Editorial & Blog,/blog/halloween-neon-sign-ideas,Blog / Editorial,broader_demand_anchor,880,30,0.87,informational,awareness,KEEP,Halloween Blog Research,Commercial intent; available monthly history covers August-November 2025 only.
KW-0133,custom bar signs neon,Industry - Hospitality & Bars,,Archived / Removed,Evaluated & Archived,880,35,,transactional_commercial,BOFU (Decision),REMOVE,Ubersuggest 300 Register,Remove — normalized semantic reorder or singular/plural duplicate of a retained keyword
KW-0134,led signs for room,Home Decor & Living,,Archived / Removed,Evaluated & Archived,880,35,,commercial_investigation,MOFU (Consideration),REMOVE,Ubersuggest 300 Register,Remove — lower-priority variant with no unique current or approved 90-day page target
KW-0135,outdoor business signs with lights,B2B Commercial & Business Signs,/,Live Page,primary,880,36,,commercial_investigation,MOFU (Consideration),KEEP,Ubersuggest 300 Register,Mapped to an existing page with matching product or commercial intent
KW-0136,coffee shop signs,General & Market Benchmarks,/business-signs/restaurant-signs,Live Page,secondary,880,42,,commercial_investigation,MOFU (Consideration),KEEP,Ubersuggest 300 Register,Mapped to an approved 90-day landing-page cluster before content production
KW-0137,neon shop signs,General & Market Benchmarks,/business-signs/retail-signs,Approved 90-Day Plan,secondary,880,54,,commercial_investigation,MOFU (Consideration),KEEP,Ubersuggest 300 Register,Mapped to an approved 90-day landing-page cluster before content production
KW-0138,how to clean led neon signs,Editorial & Blog,/blog/how-to-clean-and-maintain-led-neon-signs,Blog / Editorial,primary,720,16,0.45,informational,awareness,KEEP,Sanity Blog Seed,"Dry dusting, microfiber, avoiding alcohol on acrylic."
KW-0139,happy birthday led sign,Events & Occasions,,Archived / Removed,Evaluated & Archived,720,23,,commercial_investigation,MOFU (Consideration),REMOVE,Ubersuggest 300 Register,Remove — lower-priority variant with no unique current or approved 90-day page target
KW-0140,office wall signs,Technical Guides & Buying Decisions,/business-signs/acrylic-logo-signs,Live Page,secondary,720,27,,commercial_investigation,MOFU (Consideration),KEEP,Ubersuggest 300 Register,Mapped to an existing page with matching product or commercial intent
KW-0141,lighted outdoor business signs,B2B Commercial & Business Signs,,Archived / Removed,Evaluated & Archived,720,29,,commercial_investigation,MOFU (Consideration),REMOVE,Ubersuggest 300 Register,Remove — lower-priority variant with no unique current or approved 90-day page target
KW-0142,neon wall signs,Technical Guides & Buying Decisions,/custom-signage,Live Page,secondary,720,29,,commercial_investigation,MOFU (Consideration),KEEP,Ubersuggest 300 Register,Mapped to an existing page with matching product or commercial intent
KW-0143,custom neon signs for bar,Industry - Hospitality & Bars,,Archived / Removed,Evaluated & Archived,720,33,,transactional_commercial,BOFU (Decision),REMOVE,Ubersuggest 300 Register,Remove — lower-priority variant with no unique current or approved 90-day page target
KW-0144,led acrylic signs,Acrylic Signs & UV Print,/products/uv-print-acrylic-signs,Live Page,secondary,720,34,,commercial_investigation,MOFU (Consideration),KEEP,Ubersuggest 300 Register,Mapped to an existing page with matching product or commercial intent
KW-0145,neon wall art,Technical Guides & Buying Decisions,/custom-signage,Live Page,secondary,720,35,,commercial_investigation,MOFU (Consideration),KEEP,Ubersuggest 300 Register,Mapped to an existing page with matching product or commercial intent
KW-0146,neon wall lights,Technical Guides & Buying Decisions,/custom-signage/home-neon-decor,Approved 90-Day Plan,secondary,720,35,,commercial_investigation,MOFU (Consideration),KEEP,Ubersuggest 300 Register,Mapped to an approved 90-day landing-page cluster before content production
KW-0147,led outdoor business signs,B2B Commercial & Business Signs,/business-signs,Live Page,secondary,720,36,,commercial_investigation,MOFU (Consideration),KEEP,Ubersuggest 300 Register,Mapped to an existing page with matching product or commercial intent
KW-0148,custom neon bar signs,Industry - Hospitality & Bars,/custom-signage/bar-neon-signs,Live Page,secondary,720,37,,transactional_commercial,BOFU (Decision),KEEP,Ubersuggest 300 Register,Mapped to an approved 90-day landing-page cluster before content production
KW-0149,personalized bar signs neon,Industry - Hospitality & Bars,,Archived / Removed,Evaluated & Archived,720,37,,commercial_investigation,MOFU (Consideration),REMOVE,Ubersuggest 300 Register,Remove — normalized semantic reorder or singular/plural duplicate of a retained keyword
KW-0150,retail signs,Industry - Retail & Storefronts,/products,Live Page,secondary,720,43,,commercial_investigation,MOFU (Consideration),KEEP,Ubersuggest 300 Register,Mapped to an existing page with matching product or commercial intent
KW-0151,lightbox signs,Lightbox & Edge-Lit Signs,/business-signs/lightbox-signs,Strategic Benchmark,benchmark,720,49,,commercial_investigation,MOFU (Consideration),KEEP,Ubersuggest 300 Register,"Head-term benchmark; tracked for market visibility, not used as a standalone page brief"
KW-0152,custom neon signs logo,Custom LED Neon Signs,,Archived / Removed,Evaluated & Archived,720,59,,transactional_commercial,BOFU (Decision),REMOVE,Ubersuggest 300 Register,Remove — normalized semantic reorder or singular/plural duplicate of a retained keyword
KW-0153,gaming neon signs,Gaming & Entertainment,/custom-signage/gaming-neon-signs,Live Page,primary,590,17,,commercial_investigation,MOFU (Consideration),KEEP,Ubersuggest 300 Register,Mapped to an approved 90-day landing-page cluster before content production
KW-0154,lobby signs,Industry - Corporate & Office,/business-signs/custom-logo-neon-signs,Live Page,secondary,590,17,,commercial_investigation,MOFU (Consideration),KEEP,Ubersuggest 300 Register,Mapped to an existing page with matching product or commercial intent
KW-0155,neon gym signs,Industry - Gyms & Fitness,/business-signs/gym-signs,Approved 90-Day Plan,secondary,590,19,,commercial_investigation,MOFU (Consideration),KEEP,Ubersuggest 300 Register,Mapped to an approved 90-day landing-page cluster before content production
KW-0156,gym neon sign,industries,/business-signs/gym-fitness-signs,Live Page,primary,590,23,,commercial_investigation,consideration,KEEP,05 Intent Map,Renamed from gyms-fitness-studios. Lowest difficulty on the whole map (SD 23): build first as the cluster's proof-of-rank page. Use proof before claims about energy or lifespan.
KW-0157,neon sign colours,Editorial & Blog,/blog/neon-sign-colours,Blog / Editorial,primary,590,24,0.7,informational,awareness,KEEP,Sanity Blog Seed,"Jacketed vs white silicone, ambient light contrast, legibility."
KW-0158,neon signs for business,General & Market Benchmarks,/business-signs/custom-logo-neon-signs,Strategic Benchmark,benchmark,590,25,,commercial_investigation,MOFU (Consideration),KEEP,Ubersuggest 300 Register,"Head-term benchmark; tracked for market visibility, not used as a standalone page brief"
KW-0159,outdoor restaurant signs,Industry - Restaurants & Food,/business-signs/restaurant-signs,Approved 90-Day Plan,secondary,590,26,,commercial_investigation,MOFU (Consideration),KEEP,Ubersuggest 300 Register,Mapped to an approved 90-day landing-page cluster before content production
KW-0160,business logo signs,Business Logo Neon Signs,/business-signs/custom-logo-neon-signs,Live Page,primary,590,31,,commercial_investigation,MOFU (Consideration),KEEP,Ubersuggest 300 Register,Mapped to an existing page with matching product or commercial intent
KW-0161,outdoor storefront signs,Industry - Retail & Storefronts,/,Live Page,secondary,590,32,,commercial_investigation,MOFU (Consideration),KEEP,Ubersuggest 300 Register,Mapped to an existing page with matching product or commercial intent
KW-0162,custom backlit sign,Backlit & Halo-Lit Signs,,Archived / Removed,Evaluated & Archived,590,35,,transactional_commercial,BOFU (Decision),REMOVE,Ubersuggest 300 Register,Remove — normalized semantic reorder or singular/plural duplicate of a retained keyword
KW-0163,custom neon logo sign,Custom LED Neon Signs,,Archived / Removed,Evaluated & Archived,590,36,,transactional_commercial,BOFU (Decision),REMOVE,Ubersuggest 300 Register,Remove — normalized semantic reorder or singular/plural duplicate of a retained keyword
KW-0164,restaurant signs for outside,Industry - Restaurants & Food,,Archived / Removed,Evaluated & Archived,590,36,,commercial_investigation,MOFU (Consideration),REMOVE,Ubersuggest 300 Register,Remove — lower-priority variant with no unique current or approved 90-day page target
KW-0165,custom backlit signage,Backlit & Halo-Lit Signs,/business-signs/lightbox-signs,Live Page,secondary,590,44,,transactional_commercial,BOFU (Decision),KEEP,Ubersuggest 300 Register,Mapped to an existing page with matching product or commercial intent
KW-0166,neon gym sign,Industry - Gyms & Fitness,,Archived / Removed,Evaluated & Archived,480,17,,commercial_investigation,MOFU (Consideration),REMOVE,Ubersuggest 300 Register,Remove — normalized semantic reorder or singular/plural duplicate of a retained keyword
KW-0167,personalized bar signs,Industry - Hospitality & Bars,,Archived / Removed,Evaluated & Archived,480,18,,commercial_investigation,MOFU (Consideration),REMOVE,Ubersuggest 300 Register,Remove — lower-priority variant with no unique current or approved 90-day page target
KW-0168,game room signage,Home Decor & Living,/custom-signage/gaming-neon-signs,Live Page,secondary,480,22,,commercial_investigation,MOFU (Consideration),KEEP,Ubersuggest 300 Register,Mapped to an approved 90-day landing-page cluster before content production
KW-0169,backlit acrylic signs,Backlit & Halo-Lit Signs,/products/uv-print-acrylic-signs,Live Page,secondary,480,23,,commercial_investigation,MOFU (Consideration),KEEP,Ubersuggest 300 Register,Mapped to an existing page with matching product or commercial intent
KW-0170,man cave neon signs,Gaming & Entertainment,/custom-signage/bar-neon-signs,Live Page,secondary,480,23,,commercial_investigation,MOFU (Consideration),KEEP,Ubersuggest 300 Register,Mapped to an approved 90-day landing-page cluster before content production
KW-0171,acrylic backlit signage,Backlit & Halo-Lit Signs,,Archived / Removed,Evaluated & Archived,480,26,,commercial_investigation,MOFU (Consideration),REMOVE,Ubersuggest 300 Register,Remove — normalized semantic reorder or singular/plural duplicate of a retained keyword
KW-0172,led wedding signs,Events & Occasions,,Archived / Removed,Evaluated & Archived,480,30,,commercial_investigation,MOFU (Consideration),REMOVE,Ubersuggest 300 Register,Remove — normalized semantic reorder or singular/plural duplicate of a retained keyword
KW-0173,light up bar signs,Industry - Hospitality & Bars,/custom-signage/bar-neon-signs,Live Page,secondary,480,31,,commercial_investigation,MOFU (Consideration),KEEP,Ubersuggest 300 Register,Mapped to an approved 90-day landing-page cluster before content production
KW-0174,neon restaurant signs,Industry - Restaurants & Food,/business-signs/restaurant-signs,Approved 90-Day Plan,secondary,480,32,,commercial_investigation,MOFU (Consideration),KEEP,Ubersuggest 300 Register,Mapped to an approved 90-day landing-page cluster before content production
KW-0175,printed acrylic signs,Acrylic Signs & UV Print,/business-signs/acrylic-logo-signs,Live Page,secondary,480,32,,commercial_investigation,MOFU (Consideration),KEEP,Ubersuggest 300 Register,Mapped to an existing page with matching product or commercial intent
KW-0176,acrylic signs for wall,Technical Guides & Buying Decisions,/business-signs/acrylic-logo-signs,Live Page,secondary,480,34,,commercial_investigation,MOFU (Consideration),KEEP,Ubersuggest 300 Register,Mapped to an existing page with matching product or commercial intent
KW-0177,led backlit signage,Backlit & Halo-Lit Signs,,Archived / Removed,Evaluated & Archived,480,34,,commercial_investigation,MOFU (Consideration),REMOVE,Ubersuggest 300 Register,Remove — lower-priority variant with no unique current or approved 90-day page target
KW-0178,outdoor illuminated signs,General & Market Benchmarks,/business-signs,Live Page,secondary,480,34,,commercial_investigation,MOFU (Consideration),KEEP,Ubersuggest 300 Register,Mapped to an existing page with matching product or commercial intent
KW-0179,acrylic logo signs,Acrylic Signs & UV Print,/business-signs/acrylic-logo-signs,Live Page,primary,480,35,,commercial_investigation,MOFU (Consideration),KEEP,Ubersuggest 300 Register,Mapped to an existing page with matching product or commercial intent
KW-0180,acrylic signs with lights,Acrylic Signs & UV Print,,Archived / Removed,Evaluated & Archived,480,36,,commercial_investigation,MOFU (Consideration),REMOVE,Ubersuggest 300 Register,Remove — lower-priority variant with no unique current or approved 90-day page target
KW-0181,wedding led sign,Events & Occasions,/custom-signage/wedding-signs,Live Page,secondary,480,37,,commercial_investigation,MOFU (Consideration),KEEP,Ubersuggest 300 Register,Mapped to an approved 90-day landing-page cluster before content production
KW-0182,corporate signs,Industry - Corporate & Office,/business-signs/acrylic-logo-signs,Live Page,secondary,390,15,,commercial_investigation,MOFU (Consideration),KEEP,Ubersuggest 300 Register,Mapped to an existing page with matching product or commercial intent
KW-0183,neon hair salon signs,Industry - Salons & Spas,,Archived / Removed,Evaluated & Archived,390,17,,commercial_investigation,MOFU (Consideration),REMOVE,Ubersuggest 300 Register,Remove — lower-priority variant with no unique current or approved 90-day page target
KW-0184,illuminated acrylic signs,Acrylic Signs & UV Print,/products/uv-print-acrylic-signs,Live Page,secondary,390,20,,transactional_commercial,decision,KEEP,Ubersuggest 300 Register,Mapped to an existing page with matching product or commercial intent
KW-0185,signage trends 2026,Editorial & Blog,/blog/signage-trends-2026,Blog / Editorial,primary,390,21,0.75,informational,awareness,KEEP,Sanity Blog Seed,"Minimalist halo lit, slimline acrylic, neutral warm white, energy efficiency."
KW-0186,nail salon signs,Industry - Salons & Spas,/business-signs/salon-signs,Approved 90-Day Plan,secondary,390,24,,commercial_investigation,MOFU (Consideration),KEEP,Ubersuggest 300 Register,Mapped to an approved 90-day landing-page cluster before content production
KW-0187,retail shop signs,Industry - Retail & Storefronts,/business-signs/retail-signs,Approved 90-Day Plan,secondary,390,24,,commercial_investigation,MOFU (Consideration),KEEP,Ubersuggest 300 Register,Mapped to an approved 90-day landing-page cluster before content production
KW-0188,acrylic signs for office,Acrylic Signs & UV Print,/business-signs/acrylic-logo-signs,Live Page,secondary,390,28,,commercial_investigation,MOFU (Consideration),KEEP,Ubersuggest 300 Register,Mapped to an existing page with matching product or commercial intent
KW-0189,aesthetic neon signs,Home Decor & Living,,Archived / Removed,Evaluated & Archived,390,29,,commercial_investigation,MOFU (Consideration),REMOVE,Ubersuggest 300 Register,Remove — lower-priority variant with no unique current or approved 90-day page target
KW-0190,outdoor business signs for buildings,B2B Commercial & Business Signs,/business-signs,Live Page,secondary,390,30,,commercial_investigation,MOFU (Consideration),KEEP,Ubersuggest 300 Register,Mapped to an existing page with matching product or commercial intent
KW-0191,outdoor business signs ideas,B2B Commercial & Business Signs,,Archived / Removed,Evaluated & Archived,390,36,,informational,TOFU (Awareness),REMOVE,Ubersuggest 300 Register,Remove — lower-priority variant with no unique current or approved 90-day page target
KW-0192,clear acrylic signs,Acrylic Signs & UV Print,,Archived / Removed,Evaluated & Archived,390,44,,commercial_investigation,MOFU (Consideration),REMOVE,Ubersuggest 300 Register,Remove — lower-priority variant with no unique current or approved 90-day page target
KW-0193,led channel letter signs,Storefront & Channel Letters,/business-signs/channel-letter-signs,Live Page,secondary,320,14,,commercial_investigation,MOFU (Consideration),KEEP,Ubersuggest 300 Register,Mapped to an existing page with matching product or commercial intent
KW-0194,choose right neon color,Editorial & Blog,/blog/how-to-choose-the-right-neon-color-for-your-sign,Blog / Editorial,primary,320,19,0.5,informational,awareness,KEEP,Sanity Blog Seed,"Color psychology, wall contrast, ambient light levels."
KW-0195,outdoor light box signage,Lightbox & Edge-Lit Signs,,Archived / Removed,Evaluated & Archived,320,20,,commercial_investigation,MOFU (Consideration),REMOVE,Ubersuggest 300 Register,Remove — lower-priority variant with no unique current or approved 90-day page target
KW-0196,light up acrylic signs,Acrylic Signs & UV Print,,Archived / Removed,Evaluated & Archived,320,23,,commercial_investigation,MOFU (Consideration),REMOVE,Ubersuggest 300 Register,Remove — lower-priority variant with no unique current or approved 90-day page target
KW-0197,outdoor lightbox signs,Lightbox & Edge-Lit Signs,/business-signs/lightbox-signs,Live Page,secondary,320,24,,commercial_investigation,MOFU (Consideration),KEEP,Ubersuggest 300 Register,Mapped to an existing page with matching product or commercial intent
KW-0198,outdoor metal letter signs,General & Market Benchmarks,/products/3d-metal-neon-signs,Live Page,secondary,320,24,,commercial_investigation,MOFU (Consideration),KEEP,Ubersuggest 300 Register,Mapped to an existing page with matching product or commercial intent
KW-0199,dimensional letter signs,General & Market Benchmarks,/products/3d-metal-neon-signs,Live Page,secondary,320,25,,commercial_investigation,MOFU (Consideration),KEEP,Ubersuggest 300 Register,Mapped to an existing page with matching product or commercial intent
KW-0200,commercial backlit signs,Backlit & Halo-Lit Signs,/business-signs/backlit-signs,Live Page,secondary,320,27,9.1,transactional_commercial,decision,KEEP,Backlit Cluster Implementation,B2B commercial modifier for storefront and building backlit signage.
KW-0201,ideas for restaurant signs,Industry - Restaurants & Food,,Archived / Removed,Evaluated & Archived,320,36,,informational,TOFU (Awareness),REMOVE,Ubersuggest 300 Register,Remove — lower-priority variant with no unique current or approved 90-day page target
KW-0202,salon neon sign,industries,/business-signs/salon-spa-signs,Live Page,primary,320,44,1.92,commercial_investigation,consideration,KEEP,05 Intent Map,Renamed from salons-spas to match the head term. Avoid generic decor copy; show actual brand constraints. CPC $1.92.
KW-0203,3d acrylic signs,Acrylic Signs & UV Print,/products/uv-print-acrylic-signs,Live Page,primary,260,12,,commercial_investigation,MOFU (Consideration),KEEP,Ubersuggest 300 Register,Mapped to an existing page with matching product or commercial intent
KW-0204,backlit letters,Backlit & Halo-Lit Signs,/products/3d-metal-neon-signs,Live Page,secondary,260,13,,commercial_investigation,MOFU (Consideration),KEEP,Ubersuggest 300 Register,Mapped to an existing page with matching product or commercial intent
KW-0205,backlit letters signage,Backlit & Halo-Lit Signs,,Archived / Removed,Evaluated & Archived,260,13,,commercial_investigation,MOFU (Consideration),REMOVE,Ubersuggest 300 Register,Remove — lower-priority variant with no unique current or approved 90-day page target
KW-0206,office neon signs,Industry - Corporate & Office,,Archived / Removed,Evaluated & Archived,260,16,,commercial_investigation,MOFU (Consideration),REMOVE,Ubersuggest 300 Register,Remove — lower-priority variant with no unique current or approved 90-day page target
KW-0207,yoga signage,B2B Commercial & Business Signs,,Archived / Removed,Evaluated & Archived,260,22,,commercial_investigation,MOFU (Consideration),REMOVE,Ubersuggest 300 Register,Remove — lower-priority variant with no unique current or approved 90-day page target
KW-0208,gym neon sign ideas,Editorial & Blog,/blog/gym-neon-sign-ideas,Blog / Editorial,primary,260,23,0.65,informational,awareness,KEEP,Sanity Blog Seed,"Motivational quotes, barbell iconography, high-vibration mounting."
KW-0209,neon sign for home,General & Market Benchmarks,/custom-signage/home-neon-decor,Approved 90-Day Plan,secondary,260,27,,commercial_investigation,MOFU (Consideration),KEEP,Ubersuggest 300 Register,Mapped to an approved 90-day landing-page cluster before content production
KW-0210,neon wall decor,Technical Guides & Buying Decisions,/custom-signage/home-neon-decor,Approved 90-Day Plan,primary,260,27,,commercial_investigation,MOFU (Consideration),KEEP,Ubersuggest 300 Register,Mapped to an approved 90-day landing-page cluster before content production
KW-0211,storefront signs for business,Industry - Retail & Storefronts,,Archived / Removed,Evaluated & Archived,260,28,,commercial_investigation,MOFU (Consideration),REMOVE,Ubersuggest 300 Register,Remove — lower-priority variant with no unique current or approved 90-day page target
KW-0212,custom neon wedding sign,Events & Occasions,,Archived / Removed,Evaluated & Archived,260,32,,transactional_commercial,BOFU (Decision),REMOVE,Ubersuggest 300 Register,Remove — lower-priority variant with no unique current or approved 90-day page target
KW-0213,wall decor neon sign,Technical Guides & Buying Decisions,/custom-signage/home-neon-decor,Approved 90-Day Plan,secondary,260,32,,commercial_investigation,MOFU (Consideration),KEEP,Ubersuggest 300 Register,Mapped to an approved 90-day landing-page cluster before content production
KW-0214,custom neon wedding signs,Events & Occasions,,Archived / Removed,Evaluated & Archived,260,33,,transactional_commercial,BOFU (Decision),REMOVE,Ubersuggest 300 Register,Remove — lower-priority variant with no unique current or approved 90-day page target
KW-0215,building letters,General & Market Benchmarks,,Archived / Removed,Evaluated & Archived,260,34,,commercial_investigation,MOFU (Consideration),REMOVE,Ubersuggest 300 Register,Remove — lower-priority variant with no unique current or approved 90-day page target
KW-0216,custom neon signs outdoor,Custom LED Neon Signs,/products/custom-neon-signs,Live Page,secondary,260,36,,transactional_commercial,BOFU (Decision),KEEP,Ubersuggest 300 Register,Mapped to an existing page with matching product or commercial intent
KW-0217,outdoor acrylic signs,Acrylic Signs & UV Print,,Archived / Removed,Evaluated & Archived,260,36,,commercial_investigation,MOFU (Consideration),REMOVE,Ubersuggest 300 Register,Remove — lower-priority variant with no unique current or approved 90-day page target
KW-0218,coffee bar sign ideas,Editorial & Blog,/blog/halloween-neon-sign-ideas,Blog / Editorial,alternative_topic,260,36,0.4,informational,awareness,KEEP,Halloween Blog Research,Informational alternative; home coffee corner would narrow scope.
KW-0219,neon signs for kitchen,General & Market Benchmarks,/custom-signage/home-neon-decor,Approved 90-Day Plan,secondary,210,15,,commercial_investigation,MOFU (Consideration),KEEP,Ubersuggest 300 Register,Mapped to an approved 90-day landing-page cluster before content production
KW-0220,neon signs for gaming room,Home Decor & Living,/custom-signage/gaming-neon-signs,Live Page,secondary,210,18,,commercial_investigation,MOFU (Consideration),KEEP,Ubersuggest 300 Register,Mapped to an approved 90-day landing-page cluster before content production
KW-0221,edge lit signs,General & Market Benchmarks,,Archived / Removed,Evaluated & Archived,210,23,,commercial_investigation,MOFU (Consideration),REMOVE,Ubersuggest 300 Register,Remove — lower-priority variant with no unique current or approved 90-day page target
KW-0222,salon signs ideas,Industry - Salons & Spas,,Archived / Removed,Evaluated & Archived,210,30,,informational,TOFU (Awareness),REMOVE,Ubersuggest 300 Register,Remove — lower-priority variant with no unique current or approved 90-day page target
KW-0223,custom neon signs for wedding,Events & Occasions,/custom-signage/wedding-signs,Live Page,primary,210,31,,transactional_commercial,BOFU (Decision),KEEP,Ubersuggest 300 Register,Mapped to an approved 90-day landing-page cluster before content production
KW-0224,halo lit letters,Backlit & Halo-Lit Signs,/products/3d-metal-neon-signs,Live Page,secondary,210,31,,commercial_investigation,MOFU (Consideration),KEEP,Ubersuggest 300 Register,Mapped to an existing page with matching product or commercial intent
KW-0225,channel letter signs price,Technical Guides & Buying Decisions,/guides/custom-business-sign-cost,Live Page,secondary,210,32,,transactional_commercial,BOFU (Decision),KEEP,Ubersuggest 300 Register,Mapped to an existing page with matching product or commercial intent
KW-0226,neon sign ideas,General & Market Benchmarks,,Archived / Removed,Evaluated & Archived,210,32,,informational,TOFU (Awareness),REMOVE,Ubersuggest 300 Register,Remove — lower-priority variant with no unique current or approved 90-day page target
KW-0227,storefront retail signs,Industry - Retail & Storefronts,,Archived / Removed,Evaluated & Archived,210,39,,commercial_investigation,MOFU (Consideration),REMOVE,Ubersuggest 300 Register,Remove — normalized semantic reorder or singular/plural duplicate of a retained keyword
KW-0228,outdoor retail signs,Industry - Retail & Storefronts,,Archived / Removed,Evaluated & Archived,210,44,,commercial_investigation,MOFU (Consideration),REMOVE,Ubersuggest 300 Register,Remove — lower-priority variant with no unique current or approved 90-day page target
KW-0229,custom neon signs online,Custom LED Neon Signs,/products/custom-neon-signs,Live Page,secondary,210,60,,transactional_commercial,BOFU (Decision),KEEP,Ubersuggest 300 Register,Mapped to an existing page with matching product or commercial intent
KW-0230,front lit channel letter signs,Storefront & Channel Letters,/business-signs/channel-letter-signs,Live Page,secondary,170,12,,commercial_investigation,MOFU (Consideration),KEEP,Ubersuggest 300 Register,Mapped to an existing page with matching product or commercial intent
KW-0231,custom gym signs,Industry - Gyms & Fitness,,Archived / Removed,Evaluated & Archived,170,14,,transactional_commercial,BOFU (Decision),REMOVE,Ubersuggest 300 Register,Remove — lower-priority variant with no unique current or approved 90-day page target
KW-0232,lobby signs for business,Industry - Corporate & Office,/business-signs/custom-logo-neon-signs,Live Page,secondary,170,14,,commercial_investigation,MOFU (Consideration),KEEP,Ubersuggest 300 Register,Mapped to an existing page with matching product or commercial intent
KW-0233,gamer neon signs,Gaming & Entertainment,,Archived / Removed,Evaluated & Archived,170,19,,commercial_investigation,MOFU (Consideration),REMOVE,Ubersuggest 300 Register,Remove — lower-priority variant with no unique current or approved 90-day page target
KW-0234,led light box sign,Lightbox & Edge-Lit Signs,/products/ultra-thin-lightbox,Live Page,primary,170,19,,commercial_investigation,MOFU (Consideration),KEEP,Ubersuggest 300 Register,Mapped to an existing page with matching product or commercial intent
KW-0235,video game neon signs,Gaming & Entertainment,/custom-signage/gaming-neon-signs,Live Page,secondary,170,19,,commercial_investigation,MOFU (Consideration),KEEP,Ubersuggest 300 Register,Mapped to an approved 90-day landing-page cluster before content production
KW-0236,neon sign cost,Technical Guides & Buying Decisions,/guides/custom-business-sign-cost,Live Page,secondary,170,20,,transactional_commercial,BOFU (Decision),KEEP,Ubersuggest 300 Register,Mapped to an existing page with matching product or commercial intent
KW-0237,party neon signs,Events & Occasions,/custom-signage/event-signs,Live Page,primary,170,21,,transactional_commercial,decision,KEEP,Ubersuggest 300 Register,Remove — normalized semantic reorder or singular/plural duplicate of a retained keyword
KW-0238,neon cafe signs,Industry - Restaurants & Food,,Archived / Removed,Evaluated & Archived,170,23,,commercial_investigation,MOFU (Consideration),REMOVE,Ubersuggest 300 Register,Remove — lower-priority variant with no unique current or approved 90-day page target
KW-0239,neon for restaurant,Industry - Restaurants & Food,,Archived / Removed,Evaluated & Archived,170,23,,commercial_investigation,MOFU (Consideration),REMOVE,Ubersuggest 300 Register,Remove — lower-priority variant with no unique current or approved 90-day page target
KW-0240,hair salon signs outdoor,Industry - Salons & Spas,,Archived / Removed,Evaluated & Archived,170,26,,commercial_investigation,MOFU (Consideration),REMOVE,Ubersuggest 300 Register,Remove — lower-priority variant with no unique current or approved 90-day page target
KW-0241,custom channel letter signs,Storefront & Channel Letters,/business-signs/channel-letter-signs,Live Page,primary,170,27,10.9,transactional_commercial,decision,KEEP,Ubersuggest 300 Register,Mapped to an existing page with matching product or commercial intent
KW-0242,channel letter signs cost,Technical Guides & Buying Decisions,/guides/custom-business-sign-cost,Live Page,secondary,170,28,,transactional_commercial,BOFU (Decision),KEEP,Ubersuggest 300 Register,Mapped to an existing page with matching product or commercial intent
KW-0243,exterior building letters,General & Market Benchmarks,,Archived / Removed,Evaluated & Archived,170,34,,commercial_investigation,MOFU (Consideration),REMOVE,Ubersuggest 300 Register,Remove — lower-priority variant with no unique current or approved 90-day page target
KW-0244,exterior letters for buildings,General & Market Benchmarks,,Archived / Removed,Evaluated & Archived,170,34,,commercial_investigation,MOFU (Consideration),REMOVE,Ubersuggest 300 Register,Remove — lower-priority variant with no unique current or approved 90-day page target
KW-0245,neon party sign,Events & Occasions,/custom-signage/event-signs,Live Page,secondary,170,34,,commercial_investigation,MOFU (Consideration),KEEP,Ubersuggest 300 Register,Mapped to an approved 90-day landing-page cluster before content production
KW-0246,acrylic signs for weddings,Acrylic Signs & UV Print,,Archived / Removed,Evaluated & Archived,170,35,,commercial_investigation,MOFU (Consideration),REMOVE,Ubersuggest 300 Register,Remove — lower-priority variant with no unique current or approved 90-day page target
KW-0247,custom storefront signs,Industry - Retail & Storefronts,/,Live Page,secondary,170,42,,transactional_commercial,BOFU (Decision),KEEP,Ubersuggest 300 Register,Mapped to an existing page with matching product or commercial intent
KW-0248,front lit signage,B2B Commercial & Business Signs,/products/3d-metal-neon-signs,Live Page,secondary,140,11,,commercial_investigation,MOFU (Consideration),KEEP,Ubersuggest 300 Register,Mapped to an existing page with matching product or commercial intent
KW-0249,reverse channel letter signs,Backlit & Halo-Lit Signs,/business-signs/backlit-signs,Live Page,secondary,140,11,9.5,transactional_commercial,decision,KEEP,Backlit Cluster Implementation,Industry fabrication terminology for halo-illuminated channel letters.
KW-0250,led restaurant signs,Industry - Restaurants & Food,,Archived / Removed,Evaluated & Archived,140,17,,commercial_investigation,MOFU (Consideration),REMOVE,Ubersuggest 300 Register,Remove — normalized semantic reorder or singular/plural duplicate of a retained keyword
KW-0251,neon game room,Home Decor & Living,/custom-signage/gaming-neon-signs,Live Page,secondary,140,17,,commercial_investigation,MOFU (Consideration),KEEP,Ubersuggest 300 Register,Mapped to an approved 90-day landing-page cluster before content production
KW-0252,retail storefront signs,Industry - Retail & Storefronts,/,Live Page,secondary,140,19,,commercial_investigation,MOFU (Consideration),KEEP,Ubersuggest 300 Register,Mapped to an existing page with matching product or commercial intent
KW-0253,wedding neon sign ideas,Editorial & Blog,/blog/halloween-neon-sign-ideas,Blog / Editorial,alternative_topic,140,20,0.88,informational,awareness,KEEP,Halloween Blog Research,Existing related wedding coverage; refresh first.
KW-0254,custom lightbox signs,Lightbox & Edge-Lit Signs,/business-signs/lightbox-signs,Live Page,primary,140,21,6.92,transactional_commercial,decision,KEEP,Ubersuggest 300 Register,Mapped to an existing page with matching product or commercial intent
KW-0255,how much do outdoor business signs cost,Technical Guides & Buying Decisions,/guides/custom-business-sign-cost,Live Page,secondary,140,21,,transactional_commercial,BOFU (Decision),KEEP,Ubersuggest 300 Register,Mapped to an existing page with matching product or commercial intent
KW-0256,man cave led sign,Gaming & Entertainment,,Archived / Removed,Evaluated & Archived,140,23,,commercial_investigation,MOFU (Consideration),REMOVE,Ubersuggest 300 Register,Remove — lower-priority variant with no unique current or approved 90-day page target
KW-0257,restaurant led signs,Industry - Restaurants & Food,/business-signs/restaurant-signs,Approved 90-Day Plan,secondary,140,23,,commercial_investigation,MOFU (Consideration),KEEP,Ubersuggest 300 Register,Mapped to an approved 90-day landing-page cluster before content production
KW-0258,office logo signs,Industry - Corporate & Office,/business-signs/custom-logo-neon-signs,Live Page,secondary,140,24,,commercial_investigation,MOFU (Consideration),KEEP,Ubersuggest 300 Register,Mapped to an existing page with matching product or commercial intent
KW-0259,led signs for restaurants,Industry - Restaurants & Food,,Archived / Removed,Evaluated & Archived,140,26,,commercial_investigation,MOFU (Consideration),REMOVE,Ubersuggest 300 Register,Remove — lower-priority variant with no unique current or approved 90-day page target
KW-0260,neon window signs,General & Market Benchmarks,,Archived / Removed,Evaluated & Archived,140,26,,commercial_investigation,MOFU (Consideration),REMOVE,Ubersuggest 300 Register,Remove — lower-priority variant with no unique current or approved 90-day page target
KW-0261,outdoor salon signs,Industry - Salons & Spas,/business-signs/salon-signs,Approved 90-Day Plan,secondary,140,27,,commercial_investigation,MOFU (Consideration),KEEP,Ubersuggest 300 Register,Mapped to an approved 90-day landing-page cluster before content production
KW-0262,wedding neon signs ideas,Events & Occasions,/custom-signage/wedding-signs,Live Page,secondary,140,32,,informational,TOFU (Awareness),KEEP,Ubersuggest 300 Register,Mapped to an approved 90-day landing-page cluster before content production
KW-0263,custom illuminated signs,General & Market Benchmarks,/business-signs,Live Page,secondary,140,34,,transactional_commercial,BOFU (Decision),KEEP,Ubersuggest 300 Register,Mapped to an existing page with matching product or commercial intent
KW-0264,building signage letters,B2B Commercial & Business Signs,,Archived / Removed,Evaluated & Archived,140,35,,commercial_investigation,MOFU (Consideration),REMOVE,Ubersuggest 300 Register,Remove — lower-priority variant with no unique current or approved 90-day page target
KW-0265,business light box sign,Lightbox & Edge-Lit Signs,/business-signs/lightbox-signs,Live Page,secondary,140,35,,commercial_investigation,MOFU (Consideration),KEEP,Ubersuggest 300 Register,Mapped to an existing page with matching product or commercial intent
KW-0266,custom light box sign,Lightbox & Edge-Lit Signs,,Archived / Removed,Evaluated & Archived,140,36,,transactional_commercial,BOFU (Decision),REMOVE,Ubersuggest 300 Register,Remove — lower-priority variant with no unique current or approved 90-day page target
KW-0267,building letters signs,General & Market Benchmarks,,Archived / Removed,Evaluated & Archived,140,44,,commercial_investigation,MOFU (Consideration),REMOVE,Ubersuggest 300 Register,Remove — lower-priority variant with no unique current or approved 90-day page target
KW-0268,custom neon signs for business,Custom LED Neon Signs,,Archived / Removed,Evaluated & Archived,140,56,,transactional_commercial,BOFU (Decision),REMOVE,Ubersuggest 300 Register,Remove — lower-priority variant with no unique current or approved 90-day page target
KW-0269,custom logo neon signs for business,business_signs,/business-signs/custom-logo-neon-signs,Approved 90-Day Plan,primary,140,56,16.94,transactional_commercial,decision,KEEP,05 Intent Map,Target business/logo modifier; link to general neon product detail; high CPC $16.94.
KW-0270,3d metal signs,Storefront & Channel Letters,/products/3d-metal-neon-signs,Live Page,primary,110,12,,commercial_investigation,MOFU (Consideration),KEEP,Ubersuggest 300 Register,Mapped to an existing page with matching product or commercial intent
KW-0271,neon gamer signs,Gaming & Entertainment,,Archived / Removed,Evaluated & Archived,110,18,,commercial_investigation,MOFU (Consideration),REMOVE,Ubersuggest 300 Register,Remove — lower-priority variant with no unique current or approved 90-day page target
KW-0272,neon man cave lights,Gaming & Entertainment,,Archived / Removed,Evaluated & Archived,110,18,,commercial_investigation,MOFU (Consideration),REMOVE,Ubersuggest 300 Register,Remove — lower-priority variant with no unique current or approved 90-day page target
KW-0273,backlit sign wall surfaces and standoffs,Technical Guides & Buying Decisions,/guides/backlit-sign-wall-surfaces-and-standoffs,Live Page,primary,110,18,4.2,informational_commercial,consideration,KEEP,Backlit Cluster Implementation,Technical installation guide: diffuse vs specular wall reflection and standoff depths.
KW-0274,led gaming sign,Gaming & Entertainment,/custom-signage/gaming-neon-signs,Live Page,secondary,110,19,,commercial_investigation,MOFU (Consideration),KEEP,Ubersuggest 300 Register,Mapped to an approved 90-day landing-page cluster before content production
KW-0275,custom neon sign cost,Technical Guides & Buying Decisions,/guides/custom-business-sign-cost,Live Page,primary,110,24,,transactional_commercial,BOFU (Decision),KEEP,Ubersuggest 300 Register,Mapped to an existing page with matching product or commercial intent
KW-0276,commercial retail signs,Industry - Retail & Storefronts,/products,Live Page,secondary,110,26,,commercial_investigation,MOFU (Consideration),KEEP,Ubersuggest 300 Register,Mapped to an existing page with matching product or commercial intent
KW-0277,how much are custom neon signs,Technical Guides & Buying Decisions,/guides/custom-business-sign-cost,Live Page,secondary,110,34,,transactional_commercial,BOFU (Decision),KEEP,Ubersuggest 300 Register,Mapped to an existing page with matching product or commercial intent
KW-0278,custom acrylic signs for business,Acrylic Signs & UV Print,/products/uv-print-acrylic-signs,Live Page,secondary,110,35,,transactional_commercial,BOFU (Decision),KEEP,Ubersuggest 300 Register,Mapped to an existing page with matching product or commercial intent
KW-0279,led neon signs for business,General & Market Benchmarks,,Archived / Removed,Evaluated & Archived,110,41,,commercial_investigation,MOFU (Consideration),REMOVE,Ubersuggest 300 Register,Remove — lower-priority variant with no unique current or approved 90-day page target
KW-0280,reverse lit channel letter signs,Storefront & Channel Letters,,Archived / Removed,Evaluated & Archived,90,10,,commercial_investigation,MOFU (Consideration),REMOVE,Ubersuggest 300 Register,"Remove — sub-100 volume without stronger exact-page, intent, or competitor evidence"
KW-0281,backlit sign standoff distance,Technical Guides & Buying Decisions,/guides/backlit-sign-wall-surfaces-and-standoffs,Live Page,secondary,90,15,3.8,informational,consideration,KEEP,Backlit Cluster Implementation,Optical halo spread formula (0.5 to 1.5 inch standoffs) query.
KW-0282,barbershop led sign,Industry - Hospitality & Bars,,Archived / Removed,Evaluated & Archived,90,17,,commercial_investigation,MOFU (Consideration),REMOVE,Ubersuggest 300 Register,"Remove — sub-100 volume without stronger exact-page, intent, or competitor evidence"
KW-0283,office logo signs for wall,Technical Guides & Buying Decisions,/business-signs/custom-logo-neon-signs,Live Page,secondary,90,21,,commercial_investigation,MOFU (Consideration),KEEP,Ubersuggest 300 Register,Mapped to an existing page with matching product or commercial intent
KW-0284,how much do custom neon signs cost,Technical Guides & Buying Decisions,/guides/custom-business-sign-cost,Live Page,secondary,90,22,,transactional_commercial,BOFU (Decision),KEEP,Ubersuggest 300 Register,Mapped to an existing page with matching product or commercial intent
KW-0285,illuminated business signs,B2B Commercial & Business Signs,,Archived / Removed,Evaluated & Archived,90,22,,commercial_investigation,MOFU (Consideration),REMOVE,Ubersuggest 300 Register,"Remove — sub-100 volume without stronger exact-page, intent, or competitor evidence"
KW-0286,illuminated channel letter signs,Storefront & Channel Letters,/business-signs/channel-letter-signs,Live Page,secondary,90,22,,commercial_investigation,MOFU (Consideration),KEEP,Ubersuggest 300 Register,Mapped to an existing page with matching product or commercial intent
KW-0287,dorm room neon signs,Home Decor & Living,,Archived / Removed,Evaluated & Archived,90,23,,commercial_investigation,MOFU (Consideration),REMOVE,Ubersuggest 300 Register,"Remove — sub-100 volume without stronger exact-page, intent, or competitor evidence"
KW-0288,glow party sign,Events & Occasions,,Archived / Removed,Evaluated & Archived,90,23,,commercial_investigation,MOFU (Consideration),REMOVE,Ubersuggest 300 Register,"Remove — sub-100 volume without stronger exact-page, intent, or competitor evidence"
KW-0289,what are channel letter signs,Storefront & Channel Letters,/business-signs/channel-letter-signs,Live Page,secondary,90,24,,commercial_investigation,MOFU (Consideration),KEEP,Ubersuggest 300 Register,Mapped to an existing page with matching product or commercial intent
KW-0290,outdoor neon signs for business,General & Market Benchmarks,,Archived / Removed,Evaluated & Archived,90,26,,commercial_investigation,MOFU (Consideration),REMOVE,Ubersuggest 300 Register,"Remove — sub-100 volume without stronger exact-page, intent, or competitor evidence"
KW-0291,led neon wall art,Technical Guides & Buying Decisions,,Archived / Removed,Evaluated & Archived,90,28,,commercial_investigation,MOFU (Consideration),REMOVE,Ubersuggest 300 Register,"Remove — sub-100 volume without stronger exact-page, intent, or competitor evidence"
KW-0292,neon light home decor,Home Decor & Living,,Archived / Removed,Evaluated & Archived,90,29,,commercial_investigation,MOFU (Consideration),REMOVE,Ubersuggest 300 Register,"Remove — sub-100 volume without stronger exact-page, intent, or competitor evidence"
KW-0293,large custom neon sign,Custom LED Neon Signs,/products/custom-neon-signs,Live Page,secondary,90,30,,transactional_commercial,BOFU (Decision),KEEP,Ubersuggest 300 Register,Mapped to an existing page with matching product or commercial intent
KW-0294,custom wedding neon signs,Events & Occasions,,Archived / Removed,Evaluated & Archived,90,32,,transactional_commercial,BOFU (Decision),REMOVE,Ubersuggest 300 Register,"Remove — sub-100 volume without stronger exact-page, intent, or competitor evidence"
KW-0295,wedding light sign,Events & Occasions,,Archived / Removed,Evaluated & Archived,90,38,,commercial_investigation,MOFU (Consideration),REMOVE,Ubersuggest 300 Register,"Remove — sub-100 volume without stronger exact-page, intent, or competitor evidence"
KW-0296,backlit storefront signs,Backlit & Halo-Lit Signs,/products/ultra-thin-lightbox,Live Page,secondary,90,43,,commercial_investigation,MOFU (Consideration),KEEP,Ubersuggest 300 Register,Mapped to an existing page with matching product or commercial intent
KW-0297,custom neon wall signs,Technical Guides & Buying Decisions,,Archived / Removed,Evaluated & Archived,90,59,,transactional_commercial,BOFU (Decision),REMOVE,Ubersuggest 300 Register,"Remove — sub-100 volume without stronger exact-page, intent, or competitor evidence"
KW-0298,backlit channel letter signs,Backlit & Halo-Lit Signs,/business-signs/channel-letter-signs,Live Page,secondary,70,11,,commercial_investigation,MOFU (Consideration),KEEP,Ubersuggest 300 Register,Mapped to an existing page with matching product or commercial intent
KW-0299,halo lit sign wall reflection,Technical Guides & Buying Decisions,/guides/backlit-sign-wall-surfaces-and-standoffs,Live Page,secondary,70,14,3.5,informational,consideration,KEEP,Backlit Cluster Implementation,"Wall material reflection guide: drywall, brick, wood slat, tile, polished marble."
KW-0300,man cave signs that light up,Gaming & Entertainment,,Archived / Removed,Evaluated & Archived,70,15,,commercial_investigation,MOFU (Consideration),REMOVE,Ubersuggest 300 Register,"Remove — sub-100 volume without stronger exact-page, intent, or competitor evidence"
KW-0301,neon salon signs,Industry - Salons & Spas,,Archived / Removed,Evaluated & Archived,70,15,,commercial_investigation,MOFU (Consideration),REMOVE,Ubersuggest 300 Register,"Remove — sub-100 volume without stronger exact-page, intent, or competitor evidence"
KW-0302,neon sign for gym,Industry - Gyms & Fitness,,Archived / Removed,Evaluated & Archived,70,16,,commercial_investigation,MOFU (Consideration),REMOVE,Ubersuggest 300 Register,"Remove — sub-100 volume without stronger exact-page, intent, or competitor evidence"
KW-0303,office lobby signs,Industry - Corporate & Office,/business-signs/custom-logo-neon-signs,Live Page,secondary,70,16,,commercial_investigation,MOFU (Consideration),KEEP,Ubersuggest 300 Register,Mapped to an existing page with matching product or commercial intent
KW-0304,custom neon signs for restaurants,Industry - Restaurants & Food,,Archived / Removed,Evaluated & Archived,70,18,,transactional_commercial,BOFU (Decision),REMOVE,Ubersuggest 300 Register,"Remove — sub-100 volume without stronger exact-page, intent, or competitor evidence"
KW-0305,happy halloween neon sign,Editorial & Blog,/blog/halloween-neon-sign-ideas,Blog / Editorial,secondary,70,21,0.59,informational,awareness,KEEP,Halloween Blog Research,Suggestions endpoint.
KW-0306,led backlit letters,Backlit & Halo-Lit Signs,,Archived / Removed,Evaluated & Archived,70,22,,commercial_investigation,MOFU (Consideration),REMOVE,Ubersuggest 300 Register,"Remove — sub-100 volume without stronger exact-page, intent, or competitor evidence"
KW-0307,neon light wall art,Technical Guides & Buying Decisions,,Archived / Removed,Evaluated & Archived,70,24,,commercial_investigation,MOFU (Consideration),REMOVE,Ubersuggest 300 Register,"Remove — sub-100 volume without stronger exact-page, intent, or competitor evidence"
KW-0308,backlit reception signs,Backlit & Halo-Lit Signs,/business-signs/backlit-lobby-signs,Live Page,secondary,70,25,11.2,transactional_commercial,decision,KEEP,Backlit Cluster Implementation,Reception area corporate halo lit branding and backer-mounted signs.
KW-0309,custom acrylic logo signs,Acrylic Signs & UV Print,/business-signs/acrylic-logo-signs,Live Page,secondary,70,29,9.39,transactional_commercial,decision,KEEP,Ubersuggest 300 Register,Mapped to an existing page with matching product or commercial intent
KW-0310,custom business logo signs,Business Logo Neon Signs,/business-signs/custom-logo-neon-signs,Live Page,secondary,70,30,,transactional_commercial,BOFU (Decision),KEEP,Ubersuggest 300 Register,Mapped to an existing page with matching product or commercial intent
KW-0311,event neon signs,Events & Occasions,,Archived / Removed,Evaluated & Archived,70,45,,commercial_investigation,MOFU (Consideration),REMOVE,Ubersuggest 300 Register,"Remove — sub-100 volume without stronger exact-page, intent, or competitor evidence"
KW-0312,custom 3d metal signs,Storefront & Channel Letters,,Archived / Removed,Evaluated & Archived,50,12,,transactional_commercial,BOFU (Decision),REMOVE,Ubersuggest 300 Register,"Remove — sub-100 volume without stronger exact-page, intent, or competitor evidence"
KW-0313,custom lobby signs,Industry - Corporate & Office,/business-signs/custom-logo-neon-signs,Live Page,secondary,50,13,,transactional_commercial,BOFU (Decision),KEEP,Ubersuggest 300 Register,Mapped to an existing page with matching product or commercial intent
KW-0314,illuminated lightbox signs,Lightbox & Edge-Lit Signs,/products/ultra-thin-lightbox,Live Page,secondary,50,16,,commercial_investigation,MOFU (Consideration),KEEP,Ubersuggest 300 Register,Mapped to an existing page with matching product or commercial intent
KW-0315,storefront letters,Industry - Retail & Storefronts,,Archived / Removed,Evaluated & Archived,50,19,,commercial_investigation,MOFU (Consideration),REMOVE,Ubersuggest 300 Register,"Remove — sub-100 volume without stronger exact-page, intent, or competitor evidence"
KW-0316,illuminated restaurant signs,Industry - Restaurants & Food,,Archived / Removed,Evaluated & Archived,50,20,,commercial_investigation,MOFU (Consideration),REMOVE,Ubersuggest 300 Register,"Remove — sub-100 volume without stronger exact-page, intent, or competitor evidence"
KW-0317,acrylic light box sign,Lightbox & Edge-Lit Signs,/products/ultra-thin-lightbox,Live Page,secondary,50,21,,commercial_investigation,MOFU (Consideration),KEEP,Ubersuggest 300 Register,Mapped to an existing page with matching product or commercial intent
KW-0318,halo lit lobby signs,Backlit & Halo-Lit Signs,/business-signs/backlit-lobby-signs,Live Page,secondary,50,24,10.8,transactional_commercial,decision,KEEP,Backlit Cluster Implementation,Corporate halo illumination query for interior reception walls.
KW-0319,birthday neon sign,Events & Occasions,,Archived / Removed,Evaluated & Archived,50,28,,commercial_investigation,MOFU (Consideration),REMOVE,Ubersuggest 300 Register,"Remove — sub-100 volume without stronger exact-page, intent, or competitor evidence"
KW-0320,channel letter signs for business,Storefront & Channel Letters,,Archived / Removed,Evaluated & Archived,50,29,,commercial_investigation,MOFU (Consideration),REMOVE,Ubersuggest 300 Register,"Remove — sub-100 volume without stronger exact-page, intent, or competitor evidence"
KW-0321,custom metal letter signs,General & Market Benchmarks,/products/3d-metal-neon-signs,Live Page,secondary,50,31,,transactional_commercial,BOFU (Decision),KEEP,Ubersuggest 300 Register,Mapped to an existing page with matching product or commercial intent
KW-0322,light box sign for business,Lightbox & Edge-Lit Signs,,Archived / Removed,Evaluated & Archived,40,19,,commercial_investigation,MOFU (Consideration),REMOVE,Ubersuggest 300 Register,"Remove — sub-100 volume without stronger exact-page, intent, or competitor evidence"
KW-0323,types of channel letter signs,Storefront & Channel Letters,/business-signs/channel-letter-signs,Live Page,secondary,40,28,,commercial_investigation,MOFU (Consideration),KEEP,Ubersuggest 300 Register,Mapped to an existing page with matching product or commercial intent
KW-0324,backlit lobby signs,Backlit & Halo-Lit Signs,/business-signs/backlit-lobby-signs,Live Page,primary,40,29,12.5,transactional_commercial,decision,KEEP,Backlit Cluster Implementation,"High-value B2B corporate lobby, reception desk, and executive suite halo signage."
KW-0325,acrylic lobby signs,Acrylic Signs & UV Print,,Archived / Removed,Evaluated & Archived,40,30,,commercial_investigation,MOFU (Consideration),REMOVE,Ubersuggest 300 Register,"Remove — sub-100 volume without stronger exact-page, intent, or competitor evidence"
KW-0326,commercial light box sign,Lightbox & Edge-Lit Signs,,Archived / Removed,Evaluated & Archived,40,43,,commercial_investigation,MOFU (Consideration),REMOVE,Ubersuggest 300 Register,"Remove — sub-100 volume without stronger exact-page, intent, or competitor evidence"
KW-0327,metal building letters,General & Market Benchmarks,,Archived / Removed,Evaluated & Archived,30,13,,commercial_investigation,MOFU (Consideration),REMOVE,Ubersuggest 300 Register,"Remove — sub-100 volume without stronger exact-page, intent, or competitor evidence"
KW-0328,metal letter signs for business,General & Market Benchmarks,,Archived / Removed,Evaluated & Archived,20,36,,commercial_investigation,MOFU (Consideration),REMOVE,Ubersuggest 300 Register,"Remove — sub-100 volume without stronger exact-page, intent, or competitor evidence"
KW-0329,the glownique custom signs,brand,/,Live Page,primary,0,0,,navigational_commercial,decision,KEEP,05 Intent Map,Own exact brand plus illuminated-sign category; avoid competing with product pages.
KW-0330,custom illuminated sign types,catalog,/products,Live Page,primary,0,0,,commercial_investigation,consideration,KEEP,05 Intent Map,Keep as broad catalog; future B2B hub owns business-sign intent.
KW-0331,3D metal neon signs,catalog,/products/3d-metal-neon-signs,Live Page,primary,0,0,,transactional_commercial,decision,KEEP,05 Intent Map,Consider renaming visible terminology to channel letters after query validation.
KW-0332,ultra thin LED lightbox,catalog,/products/ultra-thin-lightbox,Live Page,primary,0,0,,transactional_commercial,decision,KEEP,05 Intent Map,Define slim edge-lit product clearly versus cabinet lightboxes.
KW-0333,custom retail storefront signs,industries,/business-signs/retail-storefronts,Live Page,primary,0,0,,commercial_investigation,consideration,KEEP,05 Intent Map,"National supply not local installation. Slug unchanged: no head-term data yet, so do not rename on guesswork. Validate before build."
KW-0334,trade show booth signs,industries,/business-signs/trade-show-signs,Live Page,primary,0,0,,commercial_investigation,consideration,KEEP,05 Intent Map,Renamed from events-trade-shows and deliberately KEPT in the B2B cluster: exhibitor intent is commercial and must not be merged with consumer party queries under custom-signage. Do not promise rush delivery without operations approval.
KW-0335,home decor neon signs,custom_signage,/custom-signage/home-decor-signs,Live Page,primary,0,0,,transactional_commercial,decision,KEEP,05 Intent Map,Competitor proof only: customneon man-cave-garage earns 553 visits/mo and yellowpop neons-for-bedroom earns 1674 visits/mo. Validate own head terms before build.
KW-0336,custom business sign cost,buying_guides,/guides/custom-business-sign-cost,Approved 90-Day Plan,primary,0,0,,informational_commercial,consideration,KEEP,05 Intent Map,No price published until owner approves exact basis and date.
KW-0337,channel letter sign cost,buying_guides,/guides/channel-letter-sign-cost,Approved 90-Day Plan,primary,0,0,,informational_commercial,consideration,KEEP,05 Intent Map,Use real quotes/projects as examples with permission.
KW-0338,front lit vs halo lit channel letters,buying_guides,/guides/front-lit-vs-halo-lit-vs-dual-lit,Approved 90-Day Plan,primary,0,0,,comparison,consideration,KEEP,05 Intent Map,High-value visual link asset.
KW-0339,lightbox vs channel letters,buying_guides,/guides/lightbox-vs-channel-letters,Approved 90-Day Plan,primary,0,0,,comparison,consideration,KEEP,05 Intent Map,Keep balanced; page must help choose rather than self-promote.
KW-0340,indoor vs outdoor illuminated signs,buying_guides,/guides/indoor-vs-outdoor-illuminated-signs,Approved 90-Day Plan,primary,0,0,,informational_commercial,consideration,KEEP,05 Intent Map,Do not equate IP67 components with entire installed system without proof.
KW-0341,business sign size guide,buying_guides,/guides/sign-size-viewing-distance,Approved 90-Day Plan,primary,0,0,,informational_commercial,consideration,KEEP,05 Intent Map,Strong linkable asset; document formula limitations.
KW-0342,business sign installation requirements,buying_guides,/guides/sign-installation-electrical-permits,Approved 90-Day Plan,primary,0,0,,informational_commercial,consideration,KEEP,05 Intent Map,Not legal/electrical advice; national guidance must remain general.
KW-0343,how to choose a business sign,buying_guides,/guides/choose-business-sign-type,Approved 90-Day Plan,primary,0,0,,informational_commercial,awareness_consideration,KEEP,05 Intent Map,Routes readers to one commercial page without cannibalizing it.
KW-0344,custom business sign projects,proof,/projects,Approved 90-Day Plan,primary,0,0,,commercial_investigation,consideration,KEEP,05 Intent Map,Do not launch empty or with thin cards.
KW-0345,custom {sign type} project for {industry},proof,/projects/{descriptive-project-slug},Approved 90-Day Plan,primary,0,0,,commercial_investigation,decision,KEEP,05 Intent Map,Never force city keywords; use location only when materially relevant and permitted.
KW-0346,how custom illuminated signs are made,proof,/how-we-make-illuminated-signs,Approved 90-Day Plan,primary,0,0,,informational_trust,consideration,KEEP,05 Intent Map,First-party manufacturing evidence; accurately state where work occurs.
KW-0347,illuminated sign materials,proof,/guides/illuminated-sign-materials-lighting,Approved 90-Day Plan,primary,0,0,,informational,awareness_consideration,KEEP,05 Intent Map,Source performance claims; no blanket lifespan assertions.
KW-0348,custom sign quality control,proof,/quality-control-warranty,Approved 90-Day Plan,primary,0,0,,commercial_trust,decision,KEEP,05 Intent Map,Must match /returns and Etsy policy.
KW-0349,the glownique reviews,proof,/reviews,Approved 90-Day Plan,primary,0,0,,navigational_trust,decision,KEEP,05 Intent Map,Launch only when review sourcing and canonical Etsy shop URL are current; no self-serving aggregate rating markup.
KW-0350,ghost neon sign,Editorial & Blog,/blog/halloween-neon-sign-ideas,Blog / Editorial,semantic_support,0,0,,informational,awareness,KEEP,Halloween Blog Research,Used descriptively; further suggestions were blocked by daily quota.
KW-0351,pumpkin neon sign,Editorial & Blog,/blog/halloween-neon-sign-ideas,Blog / Editorial,semantic_support,0,0,,informational,awareness,KEEP,Halloween Blog Research,No metrics obtained; article uses pumpkin outline naturally.
KW-0352,halloween coffee bar decor,Editorial & Blog,/blog/halloween-neon-sign-ideas,Blog / Editorial,semantic_support,0,0,,informational,awareness,KEEP,Halloween Blog Research,"Editorial phrase, not a measured trend."
KW-0353,halloween neon sign ideas,Editorial & Blog,/blog/halloween-neon-sign-ideas,Blog / Editorial,editorial_primary,0,4,,informational,awareness,KEEP,Halloween Blog Research,Overview returned zero volume; no monthly history or intent. Not proof of no searches or easy rankings.
